ARM GAS  C:\Users\CuongLe\AppData\Local\Temp\cca9pI0g.s 			page 1


   1              		.cpu cortex-m4
   2              		.arch armv7e-m
   3              		.fpu fpv4-sp-d16
   4              		.eabi_attribute 27, 1
   5              		.eabi_attribute 28, 1
   6              		.eabi_attribute 20, 1
   7              		.eabi_attribute 21, 1
   8              		.eabi_attribute 23, 3
   9              		.eabi_attribute 24, 1
  10              		.eabi_attribute 25, 1
  11              		.eabi_attribute 26, 1
  12              		.eabi_attribute 30, 1
  13              		.eabi_attribute 34, 1
  14              		.eabi_attribute 18, 4
  15              		.file	"main.c"
  16              		.text
  17              	.Ltext0:
  18              		.cfi_sections	.debug_frame
  19              		.file 1 "Core/Src/main.c"
  20              		.section	.text.MX_GPIO_Init,"ax",%progbits
  21              		.align	1
  22              		.syntax unified
  23              		.thumb
  24              		.thumb_func
  26              	MX_GPIO_Init:
  27              	.LFB298:
   1:Core/Src/main.c **** /* USER CODE BEGIN Header */
   2:Core/Src/main.c **** /**
   3:Core/Src/main.c ****   ******************************************************************************
   4:Core/Src/main.c ****   * @file           : main.c
   5:Core/Src/main.c ****   * @brief          : Main program body
   6:Core/Src/main.c ****   ******************************************************************************
   7:Core/Src/main.c ****   * @attention
   8:Core/Src/main.c ****   *
   9:Core/Src/main.c ****   * Copyright (c) 2025 STMicroelectronics.
  10:Core/Src/main.c ****   * All rights reserved.
  11:Core/Src/main.c ****   *
  12:Core/Src/main.c ****   * This software is licensed under terms that can be found in the LICENSE file
  13:Core/Src/main.c ****   * in the root directory of this software component.
  14:Core/Src/main.c ****   * If no LICENSE file comes with this software, it is provided AS-IS.
  15:Core/Src/main.c ****   *
  16:Core/Src/main.c ****   ******************************************************************************
  17:Core/Src/main.c ****   */
  18:Core/Src/main.c **** /* USER CODE END Header */
  19:Core/Src/main.c **** /* Includes ------------------------------------------------------------------*/
  20:Core/Src/main.c **** #include "main.h"
  21:Core/Src/main.c **** 
  22:Core/Src/main.c **** /* Private includes ----------------------------------------------------------*/
  23:Core/Src/main.c **** /* USER CODE BEGIN Includes */
  24:Core/Src/main.c **** 
  25:Core/Src/main.c **** /* USER CODE END Includes */
  26:Core/Src/main.c **** 
  27:Core/Src/main.c **** /* Private typedef -----------------------------------------------------------*/
  28:Core/Src/main.c **** /* USER CODE BEGIN PTD */
  29:Core/Src/main.c **** 
  30:Core/Src/main.c **** /* USER CODE END PTD */
  31:Core/Src/main.c **** 
ARM GAS  C:\Users\CuongLe\AppData\Local\Temp\cca9pI0g.s 			page 2


  32:Core/Src/main.c **** /* Private define ------------------------------------------------------------*/
  33:Core/Src/main.c **** /* USER CODE BEGIN PD */
  34:Core/Src/main.c **** 
  35:Core/Src/main.c **** /* USER CODE END PD */
  36:Core/Src/main.c **** 
  37:Core/Src/main.c **** /* Private macro -------------------------------------------------------------*/
  38:Core/Src/main.c **** /* USER CODE BEGIN PM */
  39:Core/Src/main.c **** 
  40:Core/Src/main.c **** /* USER CODE END PM */
  41:Core/Src/main.c **** 
  42:Core/Src/main.c **** /* Private variables ---------------------------------------------------------*/
  43:Core/Src/main.c **** ADC_HandleTypeDef hadc1;
  44:Core/Src/main.c **** DMA_HandleTypeDef hdma_adc1;
  45:Core/Src/main.c **** 
  46:Core/Src/main.c **** TIM_HandleTypeDef htim2;
  47:Core/Src/main.c **** TIM_HandleTypeDef htim3;
  48:Core/Src/main.c **** TIM_HandleTypeDef htim6;
  49:Core/Src/main.c **** TIM_HandleTypeDef htim7;
  50:Core/Src/main.c **** 
  51:Core/Src/main.c **** UART_HandleTypeDef huart2;
  52:Core/Src/main.c **** UART_HandleTypeDef huart3;
  53:Core/Src/main.c **** 
  54:Core/Src/main.c **** /* USER CODE BEGIN PV */
  55:Core/Src/main.c **** static struct Computer computer;
  56:Core/Src/main.c **** static struct Active * computer_AO = &computer.super;
  57:Core/Src/main.c **** 
  58:Core/Src/main.c **** static struct Estimator estimator;
  59:Core/Src/main.c **** static struct Active * estimator_AO = &estimator.super;
  60:Core/Src/main.c **** 
  61:Core/Src/main.c **** static struct Motor motor;
  62:Core/Src/main.c **** static struct Active * motor_AO = &motor.super;
  63:Core/Src/main.c **** 
  64:Core/Src/main.c **** /* USER CODE END PV */
  65:Core/Src/main.c **** 
  66:Core/Src/main.c **** /* Private function prototypes -----------------------------------------------*/
  67:Core/Src/main.c **** void SystemClock_Config(void);
  68:Core/Src/main.c **** static void MX_GPIO_Init(void);
  69:Core/Src/main.c **** static void MX_DMA_Init(void);
  70:Core/Src/main.c **** static void MX_TIM2_Init(void);
  71:Core/Src/main.c **** static void MX_USART2_UART_Init(void);
  72:Core/Src/main.c **** static void MX_USART3_UART_Init(void);
  73:Core/Src/main.c **** static void MX_TIM6_Init(void);
  74:Core/Src/main.c **** static void MX_TIM7_Init(void);
  75:Core/Src/main.c **** static void MX_TIM3_Init(void);
  76:Core/Src/main.c **** static void MX_ADC1_Init(void);
  77:Core/Src/main.c **** /* USER CODE BEGIN PFP */
  78:Core/Src/main.c **** 
  79:Core/Src/main.c **** /* USER CODE END PFP */
  80:Core/Src/main.c **** 
  81:Core/Src/main.c **** /* Private user code ---------------------------------------------------------*/
  82:Core/Src/main.c **** /* USER CODE BEGIN 0 */
  83:Core/Src/main.c **** 
  84:Core/Src/main.c **** /* USER CODE END 0 */
  85:Core/Src/main.c **** 
  86:Core/Src/main.c **** /**
  87:Core/Src/main.c ****   * @brief  The application entry point.
  88:Core/Src/main.c ****   * @retval int
ARM GAS  C:\Users\CuongLe\AppData\Local\Temp\cca9pI0g.s 			page 3


  89:Core/Src/main.c ****   */
  90:Core/Src/main.c **** int main(void)
  91:Core/Src/main.c **** {
  92:Core/Src/main.c **** 
  93:Core/Src/main.c ****   /* USER CODE BEGIN 1 */
  94:Core/Src/main.c **** 
  95:Core/Src/main.c ****   /* USER CODE END 1 */
  96:Core/Src/main.c **** 
  97:Core/Src/main.c ****   /* MCU Configuration--------------------------------------------------------*/
  98:Core/Src/main.c **** 
  99:Core/Src/main.c ****   /* Reset of all peripherals, Initializes the Flash interface and the Systick. */
 100:Core/Src/main.c ****   HAL_Init();
 101:Core/Src/main.c **** 
 102:Core/Src/main.c ****   /* USER CODE BEGIN Init */
 103:Core/Src/main.c **** 
 104:Core/Src/main.c ****   /* USER CODE END Init */
 105:Core/Src/main.c **** 
 106:Core/Src/main.c ****   /* Configure the system clock */
 107:Core/Src/main.c ****   SystemClock_Config();
 108:Core/Src/main.c **** 
 109:Core/Src/main.c ****   /* USER CODE BEGIN SysInit */
 110:Core/Src/main.c **** 
 111:Core/Src/main.c ****   /* USER CODE END SysInit */
 112:Core/Src/main.c **** 
 113:Core/Src/main.c ****   /* Initialize all configured peripherals */
 114:Core/Src/main.c ****   MX_GPIO_Init();
 115:Core/Src/main.c ****   MX_DMA_Init();
 116:Core/Src/main.c ****   MX_TIM2_Init();
 117:Core/Src/main.c ****   MX_USART2_UART_Init();
 118:Core/Src/main.c ****   MX_USART3_UART_Init();
 119:Core/Src/main.c ****   MX_TIM6_Init();
 120:Core/Src/main.c ****   MX_TIM7_Init();
 121:Core/Src/main.c ****   MX_TIM3_Init();
 122:Core/Src/main.c ****   MX_ADC1_Init();
 123:Core/Src/main.c ****   /* USER CODE BEGIN 2 */
 124:Core/Src/main.c **** 
 125:Core/Src/main.c ****   Computer.new(&computer);
 126:Core/Src/main.c ****   computer.super.start(computer_AO, 3, 20, 2000);
 127:Core/Src/main.c **** 
 128:Core/Src/main.c ****   Estimator.new(&estimator);
 129:Core/Src/main.c ****   estimator.super.start(estimator_AO, 2, 25, 3500);
 130:Core/Src/main.c **** 
 131:Core/Src/main.c ****   Motor.new(&motor);
 132:Core/Src/main.c ****   motor.super.start(motor_AO, 1, 20, 1500);
 133:Core/Src/main.c **** 
 134:Core/Src/main.c ****   vTaskStartScheduler();
 135:Core/Src/main.c **** 
 136:Core/Src/main.c ****   /* USER CODE END 2 */
 137:Core/Src/main.c **** 
 138:Core/Src/main.c ****   /* Infinite loop */
 139:Core/Src/main.c ****   /* USER CODE BEGIN WHILE */
 140:Core/Src/main.c ****   while (1)
 141:Core/Src/main.c ****   {
 142:Core/Src/main.c ****     /* USER CODE END WHILE */
 143:Core/Src/main.c **** 
 144:Core/Src/main.c ****     /* USER CODE BEGIN 3 */
 145:Core/Src/main.c ****   }
ARM GAS  C:\Users\CuongLe\AppData\Local\Temp\cca9pI0g.s 			page 4


 146:Core/Src/main.c ****   /* USER CODE END 3 */
 147:Core/Src/main.c **** }
 148:Core/Src/main.c **** 
 149:Core/Src/main.c **** /**
 150:Core/Src/main.c ****   * @brief System Clock Configuration
 151:Core/Src/main.c ****   * @retval None
 152:Core/Src/main.c ****   */
 153:Core/Src/main.c **** void SystemClock_Config(void)
 154:Core/Src/main.c **** {
 155:Core/Src/main.c ****   RCC_OscInitTypeDef RCC_OscInitStruct = {0};
 156:Core/Src/main.c ****   RCC_ClkInitTypeDef RCC_ClkInitStruct = {0};
 157:Core/Src/main.c **** 
 158:Core/Src/main.c ****   /** Configure the main internal regulator output voltage
 159:Core/Src/main.c ****   */
 160:Core/Src/main.c ****   __HAL_RCC_PWR_CLK_ENABLE();
 161:Core/Src/main.c ****   __HAL_PWR_VOLTAGESCALING_CONFIG(PWR_REGULATOR_VOLTAGE_SCALE1);
 162:Core/Src/main.c **** 
 163:Core/Src/main.c ****   /** Initializes the RCC Oscillators according to the specified parameters
 164:Core/Src/main.c ****   * in the RCC_OscInitTypeDef structure.
 165:Core/Src/main.c ****   */
 166:Core/Src/main.c ****   RCC_OscInitStruct.OscillatorType = RCC_OSCILLATORTYPE_HSI;
 167:Core/Src/main.c ****   RCC_OscInitStruct.HSIState = RCC_HSI_ON;
 168:Core/Src/main.c ****   RCC_OscInitStruct.HSICalibrationValue = RCC_HSICALIBRATION_DEFAULT;
 169:Core/Src/main.c ****   RCC_OscInitStruct.PLL.PLLState = RCC_PLL_ON;
 170:Core/Src/main.c ****   RCC_OscInitStruct.PLL.PLLSource = RCC_PLLSOURCE_HSI;
 171:Core/Src/main.c ****   RCC_OscInitStruct.PLL.PLLM = 8;
 172:Core/Src/main.c ****   RCC_OscInitStruct.PLL.PLLN = 168;
 173:Core/Src/main.c ****   RCC_OscInitStruct.PLL.PLLP = RCC_PLLP_DIV2;
 174:Core/Src/main.c ****   RCC_OscInitStruct.PLL.PLLQ = 4;
 175:Core/Src/main.c ****   if (HAL_RCC_OscConfig(&RCC_OscInitStruct) != HAL_OK)
 176:Core/Src/main.c ****   {
 177:Core/Src/main.c ****     Error_Handler();
 178:Core/Src/main.c ****   }
 179:Core/Src/main.c **** 
 180:Core/Src/main.c ****   /** Initializes the CPU, AHB and APB buses clocks
 181:Core/Src/main.c ****   */
 182:Core/Src/main.c ****   RCC_ClkInitStruct.ClockType = RCC_CLOCKTYPE_HCLK|RCC_CLOCKTYPE_SYSCLK
 183:Core/Src/main.c ****                               |RCC_CLOCKTYPE_PCLK1|RCC_CLOCKTYPE_PCLK2;
 184:Core/Src/main.c ****   RCC_ClkInitStruct.SYSCLKSource = RCC_SYSCLKSOURCE_PLLCLK;
 185:Core/Src/main.c ****   RCC_ClkInitStruct.AHBCLKDivider = RCC_SYSCLK_DIV1;
 186:Core/Src/main.c ****   RCC_ClkInitStruct.APB1CLKDivider = RCC_HCLK_DIV4;
 187:Core/Src/main.c ****   RCC_ClkInitStruct.APB2CLKDivider = RCC_HCLK_DIV2;
 188:Core/Src/main.c **** 
 189:Core/Src/main.c ****   if (HAL_RCC_ClockConfig(&RCC_ClkInitStruct, FLASH_LATENCY_5) != HAL_OK)
 190:Core/Src/main.c ****   {
 191:Core/Src/main.c ****     Error_Handler();
 192:Core/Src/main.c ****   }
 193:Core/Src/main.c **** }
 194:Core/Src/main.c **** 
 195:Core/Src/main.c **** /**
 196:Core/Src/main.c ****   * @brief ADC1 Initialization Function
 197:Core/Src/main.c ****   * @param None
 198:Core/Src/main.c ****   * @retval None
 199:Core/Src/main.c ****   */
 200:Core/Src/main.c **** static void MX_ADC1_Init(void)
 201:Core/Src/main.c **** {
 202:Core/Src/main.c **** 
ARM GAS  C:\Users\CuongLe\AppData\Local\Temp\cca9pI0g.s 			page 5


 203:Core/Src/main.c ****   /* USER CODE BEGIN ADC1_Init 0 */
 204:Core/Src/main.c **** 
 205:Core/Src/main.c ****   /* USER CODE END ADC1_Init 0 */
 206:Core/Src/main.c **** 
 207:Core/Src/main.c ****   ADC_ChannelConfTypeDef sConfig = {0};
 208:Core/Src/main.c **** 
 209:Core/Src/main.c ****   /* USER CODE BEGIN ADC1_Init 1 */
 210:Core/Src/main.c **** 
 211:Core/Src/main.c ****   /* USER CODE END ADC1_Init 1 */
 212:Core/Src/main.c **** 
 213:Core/Src/main.c ****   /** Configure the global features of the ADC (Clock, Resolution, Data Alignment and number of con
 214:Core/Src/main.c ****   */
 215:Core/Src/main.c ****   hadc1.Instance = ADC1;
 216:Core/Src/main.c ****   hadc1.Init.ClockPrescaler = ADC_CLOCK_SYNC_PCLK_DIV4;
 217:Core/Src/main.c ****   hadc1.Init.Resolution = ADC_RESOLUTION_12B;
 218:Core/Src/main.c ****   hadc1.Init.ScanConvMode = DISABLE;
 219:Core/Src/main.c ****   hadc1.Init.ContinuousConvMode = ENABLE;
 220:Core/Src/main.c ****   hadc1.Init.DiscontinuousConvMode = DISABLE;
 221:Core/Src/main.c ****   hadc1.Init.ExternalTrigConvEdge = ADC_EXTERNALTRIGCONVEDGE_NONE;
 222:Core/Src/main.c ****   hadc1.Init.ExternalTrigConv = ADC_SOFTWARE_START;
 223:Core/Src/main.c ****   hadc1.Init.DataAlign = ADC_DATAALIGN_RIGHT;
 224:Core/Src/main.c ****   hadc1.Init.NbrOfConversion = 1;
 225:Core/Src/main.c ****   hadc1.Init.DMAContinuousRequests = ENABLE;
 226:Core/Src/main.c ****   hadc1.Init.EOCSelection = ADC_EOC_SINGLE_CONV;
 227:Core/Src/main.c ****   if (HAL_ADC_Init(&hadc1) != HAL_OK)
 228:Core/Src/main.c ****   {
 229:Core/Src/main.c ****     Error_Handler();
 230:Core/Src/main.c ****   }
 231:Core/Src/main.c **** 
 232:Core/Src/main.c ****   /** Configure for the selected ADC regular channel its corresponding rank in the sequencer and it
 233:Core/Src/main.c ****   */
 234:Core/Src/main.c ****   sConfig.Channel = ADC_CHANNEL_5;
 235:Core/Src/main.c ****   sConfig.Rank = 1;
 236:Core/Src/main.c ****   sConfig.SamplingTime = ADC_SAMPLETIME_15CYCLES;
 237:Core/Src/main.c ****   if (HAL_ADC_ConfigChannel(&hadc1, &sConfig) != HAL_OK)
 238:Core/Src/main.c ****   {
 239:Core/Src/main.c ****     Error_Handler();
 240:Core/Src/main.c ****   }
 241:Core/Src/main.c ****   /* USER CODE BEGIN ADC1_Init 2 */
 242:Core/Src/main.c **** 
 243:Core/Src/main.c ****   /* USER CODE END ADC1_Init 2 */
 244:Core/Src/main.c **** 
 245:Core/Src/main.c **** }
 246:Core/Src/main.c **** 
 247:Core/Src/main.c **** /**
 248:Core/Src/main.c ****   * @brief TIM2 Initialization Function
 249:Core/Src/main.c ****   * @param None
 250:Core/Src/main.c ****   * @retval None
 251:Core/Src/main.c ****   */
 252:Core/Src/main.c **** static void MX_TIM2_Init(void)
 253:Core/Src/main.c **** {
 254:Core/Src/main.c **** 
 255:Core/Src/main.c ****   /* USER CODE BEGIN TIM2_Init 0 */
 256:Core/Src/main.c **** 
 257:Core/Src/main.c ****   /* USER CODE END TIM2_Init 0 */
 258:Core/Src/main.c **** 
 259:Core/Src/main.c ****   TIM_Encoder_InitTypeDef sConfig = {0};
ARM GAS  C:\Users\CuongLe\AppData\Local\Temp\cca9pI0g.s 			page 6


 260:Core/Src/main.c ****   TIM_MasterConfigTypeDef sMasterConfig = {0};
 261:Core/Src/main.c **** 
 262:Core/Src/main.c ****   /* USER CODE BEGIN TIM2_Init 1 */
 263:Core/Src/main.c **** 
 264:Core/Src/main.c ****   /* USER CODE END TIM2_Init 1 */
 265:Core/Src/main.c ****   htim2.Instance = TIM2;
 266:Core/Src/main.c ****   htim2.Init.Prescaler = 0;
 267:Core/Src/main.c ****   htim2.Init.CounterMode = TIM_COUNTERMODE_UP;
 268:Core/Src/main.c ****   htim2.Init.Period = 4294967295;
 269:Core/Src/main.c ****   htim2.Init.ClockDivision = TIM_CLOCKDIVISION_DIV1;
 270:Core/Src/main.c ****   htim2.Init.AutoReloadPreload = TIM_AUTORELOAD_PRELOAD_ENABLE;
 271:Core/Src/main.c ****   sConfig.EncoderMode = TIM_ENCODERMODE_TI12;
 272:Core/Src/main.c ****   sConfig.IC1Polarity = TIM_ICPOLARITY_FALLING;
 273:Core/Src/main.c ****   sConfig.IC1Selection = TIM_ICSELECTION_DIRECTTI;
 274:Core/Src/main.c ****   sConfig.IC1Prescaler = TIM_ICPSC_DIV1;
 275:Core/Src/main.c ****   sConfig.IC1Filter = 0;
 276:Core/Src/main.c ****   sConfig.IC2Polarity = TIM_ICPOLARITY_FALLING;
 277:Core/Src/main.c ****   sConfig.IC2Selection = TIM_ICSELECTION_DIRECTTI;
 278:Core/Src/main.c ****   sConfig.IC2Prescaler = TIM_ICPSC_DIV1;
 279:Core/Src/main.c ****   sConfig.IC2Filter = 0;
 280:Core/Src/main.c ****   if (HAL_TIM_Encoder_Init(&htim2, &sConfig) != HAL_OK)
 281:Core/Src/main.c ****   {
 282:Core/Src/main.c ****     Error_Handler();
 283:Core/Src/main.c ****   }
 284:Core/Src/main.c ****   sMasterConfig.MasterOutputTrigger = TIM_TRGO_RESET;
 285:Core/Src/main.c ****   sMasterConfig.MasterSlaveMode = TIM_MASTERSLAVEMODE_DISABLE;
 286:Core/Src/main.c ****   if (HAL_TIMEx_MasterConfigSynchronization(&htim2, &sMasterConfig) != HAL_OK)
 287:Core/Src/main.c ****   {
 288:Core/Src/main.c ****     Error_Handler();
 289:Core/Src/main.c ****   }
 290:Core/Src/main.c ****   /* USER CODE BEGIN TIM2_Init 2 */
 291:Core/Src/main.c **** 
 292:Core/Src/main.c ****   /* USER CODE END TIM2_Init 2 */
 293:Core/Src/main.c **** 
 294:Core/Src/main.c **** }
 295:Core/Src/main.c **** 
 296:Core/Src/main.c **** /**
 297:Core/Src/main.c ****   * @brief TIM3 Initialization Function
 298:Core/Src/main.c ****   * @param None
 299:Core/Src/main.c ****   * @retval None
 300:Core/Src/main.c ****   */
 301:Core/Src/main.c **** static void MX_TIM3_Init(void)
 302:Core/Src/main.c **** {
 303:Core/Src/main.c **** 
 304:Core/Src/main.c ****   /* USER CODE BEGIN TIM3_Init 0 */
 305:Core/Src/main.c **** 
 306:Core/Src/main.c ****   /* USER CODE END TIM3_Init 0 */
 307:Core/Src/main.c **** 
 308:Core/Src/main.c ****   TIM_Encoder_InitTypeDef sConfig = {0};
 309:Core/Src/main.c ****   TIM_MasterConfigTypeDef sMasterConfig = {0};
 310:Core/Src/main.c **** 
 311:Core/Src/main.c ****   /* USER CODE BEGIN TIM3_Init 1 */
 312:Core/Src/main.c **** 
 313:Core/Src/main.c ****   /* USER CODE END TIM3_Init 1 */
 314:Core/Src/main.c ****   htim3.Instance = TIM3;
 315:Core/Src/main.c ****   htim3.Init.Prescaler = 0;
 316:Core/Src/main.c ****   htim3.Init.CounterMode = TIM_COUNTERMODE_UP;
ARM GAS  C:\Users\CuongLe\AppData\Local\Temp\cca9pI0g.s 			page 7


 317:Core/Src/main.c ****   htim3.Init.Period = 65535;
 318:Core/Src/main.c ****   htim3.Init.ClockDivision = TIM_CLOCKDIVISION_DIV1;
 319:Core/Src/main.c ****   htim3.Init.AutoReloadPreload = TIM_AUTORELOAD_PRELOAD_DISABLE;
 320:Core/Src/main.c ****   sConfig.EncoderMode = TIM_ENCODERMODE_TI12;
 321:Core/Src/main.c ****   sConfig.IC1Polarity = TIM_ICPOLARITY_FALLING;
 322:Core/Src/main.c ****   sConfig.IC1Selection = TIM_ICSELECTION_DIRECTTI;
 323:Core/Src/main.c ****   sConfig.IC1Prescaler = TIM_ICPSC_DIV1;
 324:Core/Src/main.c ****   sConfig.IC1Filter = 0;
 325:Core/Src/main.c ****   sConfig.IC2Polarity = TIM_ICPOLARITY_FALLING;
 326:Core/Src/main.c ****   sConfig.IC2Selection = TIM_ICSELECTION_DIRECTTI;
 327:Core/Src/main.c ****   sConfig.IC2Prescaler = TIM_ICPSC_DIV1;
 328:Core/Src/main.c ****   sConfig.IC2Filter = 0;
 329:Core/Src/main.c ****   if (HAL_TIM_Encoder_Init(&htim3, &sConfig) != HAL_OK)
 330:Core/Src/main.c ****   {
 331:Core/Src/main.c ****     Error_Handler();
 332:Core/Src/main.c ****   }
 333:Core/Src/main.c ****   sMasterConfig.MasterOutputTrigger = TIM_TRGO_RESET;
 334:Core/Src/main.c ****   sMasterConfig.MasterSlaveMode = TIM_MASTERSLAVEMODE_DISABLE;
 335:Core/Src/main.c ****   if (HAL_TIMEx_MasterConfigSynchronization(&htim3, &sMasterConfig) != HAL_OK)
 336:Core/Src/main.c ****   {
 337:Core/Src/main.c ****     Error_Handler();
 338:Core/Src/main.c ****   }
 339:Core/Src/main.c ****   /* USER CODE BEGIN TIM3_Init 2 */
 340:Core/Src/main.c **** 
 341:Core/Src/main.c ****   /* USER CODE END TIM3_Init 2 */
 342:Core/Src/main.c **** 
 343:Core/Src/main.c **** }
 344:Core/Src/main.c **** 
 345:Core/Src/main.c **** /**
 346:Core/Src/main.c ****   * @brief TIM6 Initialization Function
 347:Core/Src/main.c ****   * @param None
 348:Core/Src/main.c ****   * @retval None
 349:Core/Src/main.c ****   */
 350:Core/Src/main.c **** static void MX_TIM6_Init(void)
 351:Core/Src/main.c **** {
 352:Core/Src/main.c **** 
 353:Core/Src/main.c ****   /* USER CODE BEGIN TIM6_Init 0 */
 354:Core/Src/main.c **** 
 355:Core/Src/main.c ****   /* USER CODE END TIM6_Init 0 */
 356:Core/Src/main.c **** 
 357:Core/Src/main.c ****   TIM_MasterConfigTypeDef sMasterConfig = {0};
 358:Core/Src/main.c **** 
 359:Core/Src/main.c ****   /* USER CODE BEGIN TIM6_Init 1 */
 360:Core/Src/main.c **** 
 361:Core/Src/main.c ****   /* USER CODE END TIM6_Init 1 */
 362:Core/Src/main.c ****   htim6.Instance = TIM6;
 363:Core/Src/main.c ****   htim6.Init.Prescaler = 839;
 364:Core/Src/main.c ****   htim6.Init.CounterMode = TIM_COUNTERMODE_UP;
 365:Core/Src/main.c ****   htim6.Init.Period = 999;
 366:Core/Src/main.c ****   htim6.Init.AutoReloadPreload = TIM_AUTORELOAD_PRELOAD_ENABLE;
 367:Core/Src/main.c ****   if (HAL_TIM_Base_Init(&htim6) != HAL_OK)
 368:Core/Src/main.c ****   {
 369:Core/Src/main.c ****     Error_Handler();
 370:Core/Src/main.c ****   }
 371:Core/Src/main.c ****   sMasterConfig.MasterOutputTrigger = TIM_TRGO_RESET;
 372:Core/Src/main.c ****   sMasterConfig.MasterSlaveMode = TIM_MASTERSLAVEMODE_DISABLE;
 373:Core/Src/main.c ****   if (HAL_TIMEx_MasterConfigSynchronization(&htim6, &sMasterConfig) != HAL_OK)
ARM GAS  C:\Users\CuongLe\AppData\Local\Temp\cca9pI0g.s 			page 8


 374:Core/Src/main.c ****   {
 375:Core/Src/main.c ****     Error_Handler();
 376:Core/Src/main.c ****   }
 377:Core/Src/main.c ****   /* USER CODE BEGIN TIM6_Init 2 */
 378:Core/Src/main.c **** 
 379:Core/Src/main.c ****   /* USER CODE END TIM6_Init 2 */
 380:Core/Src/main.c **** 
 381:Core/Src/main.c **** }
 382:Core/Src/main.c **** 
 383:Core/Src/main.c **** /**
 384:Core/Src/main.c ****   * @brief TIM7 Initialization Function
 385:Core/Src/main.c ****   * @param None
 386:Core/Src/main.c ****   * @retval None
 387:Core/Src/main.c ****   */
 388:Core/Src/main.c **** static void MX_TIM7_Init(void)
 389:Core/Src/main.c **** {
 390:Core/Src/main.c **** 
 391:Core/Src/main.c ****   /* USER CODE BEGIN TIM7_Init 0 */
 392:Core/Src/main.c **** 
 393:Core/Src/main.c ****   /* USER CODE END TIM7_Init 0 */
 394:Core/Src/main.c **** 
 395:Core/Src/main.c ****   TIM_MasterConfigTypeDef sMasterConfig = {0};
 396:Core/Src/main.c **** 
 397:Core/Src/main.c ****   /* USER CODE BEGIN TIM7_Init 1 */
 398:Core/Src/main.c **** 
 399:Core/Src/main.c ****   /* USER CODE END TIM7_Init 1 */
 400:Core/Src/main.c ****   htim7.Instance = TIM7;
 401:Core/Src/main.c ****   htim7.Init.Prescaler = 83;
 402:Core/Src/main.c ****   htim7.Init.CounterMode = TIM_COUNTERMODE_UP;
 403:Core/Src/main.c ****   htim7.Init.Period = 999;
 404:Core/Src/main.c ****   htim7.Init.AutoReloadPreload = TIM_AUTORELOAD_PRELOAD_ENABLE;
 405:Core/Src/main.c ****   if (HAL_TIM_Base_Init(&htim7) != HAL_OK)
 406:Core/Src/main.c ****   {
 407:Core/Src/main.c ****     Error_Handler();
 408:Core/Src/main.c ****   }
 409:Core/Src/main.c ****   sMasterConfig.MasterOutputTrigger = TIM_TRGO_RESET;
 410:Core/Src/main.c ****   sMasterConfig.MasterSlaveMode = TIM_MASTERSLAVEMODE_DISABLE;
 411:Core/Src/main.c ****   if (HAL_TIMEx_MasterConfigSynchronization(&htim7, &sMasterConfig) != HAL_OK)
 412:Core/Src/main.c ****   {
 413:Core/Src/main.c ****     Error_Handler();
 414:Core/Src/main.c ****   }
 415:Core/Src/main.c ****   /* USER CODE BEGIN TIM7_Init 2 */
 416:Core/Src/main.c **** 
 417:Core/Src/main.c ****   /* USER CODE END TIM7_Init 2 */
 418:Core/Src/main.c **** 
 419:Core/Src/main.c **** }
 420:Core/Src/main.c **** 
 421:Core/Src/main.c **** /**
 422:Core/Src/main.c ****   * @brief USART2 Initialization Function
 423:Core/Src/main.c ****   * @param None
 424:Core/Src/main.c ****   * @retval None
 425:Core/Src/main.c ****   */
 426:Core/Src/main.c **** static void MX_USART2_UART_Init(void)
 427:Core/Src/main.c **** {
 428:Core/Src/main.c **** 
 429:Core/Src/main.c ****   /* USER CODE BEGIN USART2_Init 0 */
 430:Core/Src/main.c **** 
ARM GAS  C:\Users\CuongLe\AppData\Local\Temp\cca9pI0g.s 			page 9


 431:Core/Src/main.c ****   /* USER CODE END USART2_Init 0 */
 432:Core/Src/main.c **** 
 433:Core/Src/main.c ****   /* USER CODE BEGIN USART2_Init 1 */
 434:Core/Src/main.c **** 
 435:Core/Src/main.c ****   /* USER CODE END USART2_Init 1 */
 436:Core/Src/main.c ****   huart2.Instance = USART2;
 437:Core/Src/main.c ****   huart2.Init.BaudRate = 115200;
 438:Core/Src/main.c ****   huart2.Init.WordLength = UART_WORDLENGTH_8B;
 439:Core/Src/main.c ****   huart2.Init.StopBits = UART_STOPBITS_1;
 440:Core/Src/main.c ****   huart2.Init.Parity = UART_PARITY_NONE;
 441:Core/Src/main.c ****   huart2.Init.Mode = UART_MODE_TX_RX;
 442:Core/Src/main.c ****   huart2.Init.HwFlowCtl = UART_HWCONTROL_NONE;
 443:Core/Src/main.c ****   huart2.Init.OverSampling = UART_OVERSAMPLING_16;
 444:Core/Src/main.c ****   if (HAL_UART_Init(&huart2) != HAL_OK)
 445:Core/Src/main.c ****   {
 446:Core/Src/main.c ****     Error_Handler();
 447:Core/Src/main.c ****   }
 448:Core/Src/main.c ****   /* USER CODE BEGIN USART2_Init 2 */
 449:Core/Src/main.c **** 
 450:Core/Src/main.c ****   /* USER CODE END USART2_Init 2 */
 451:Core/Src/main.c **** 
 452:Core/Src/main.c **** }
 453:Core/Src/main.c **** 
 454:Core/Src/main.c **** /**
 455:Core/Src/main.c ****   * @brief USART3 Initialization Function
 456:Core/Src/main.c ****   * @param None
 457:Core/Src/main.c ****   * @retval None
 458:Core/Src/main.c ****   */
 459:Core/Src/main.c **** static void MX_USART3_UART_Init(void)
 460:Core/Src/main.c **** {
 461:Core/Src/main.c **** 
 462:Core/Src/main.c ****   /* USER CODE BEGIN USART3_Init 0 */
 463:Core/Src/main.c **** 
 464:Core/Src/main.c ****   /* USER CODE END USART3_Init 0 */
 465:Core/Src/main.c **** 
 466:Core/Src/main.c ****   /* USER CODE BEGIN USART3_Init 1 */
 467:Core/Src/main.c **** 
 468:Core/Src/main.c ****   /* USER CODE END USART3_Init 1 */
 469:Core/Src/main.c ****   huart3.Instance = USART3;
 470:Core/Src/main.c ****   huart3.Init.BaudRate = 921600;
 471:Core/Src/main.c ****   huart3.Init.WordLength = UART_WORDLENGTH_8B;
 472:Core/Src/main.c ****   huart3.Init.StopBits = UART_STOPBITS_1;
 473:Core/Src/main.c ****   huart3.Init.Parity = UART_PARITY_NONE;
 474:Core/Src/main.c ****   huart3.Init.Mode = UART_MODE_TX_RX;
 475:Core/Src/main.c ****   huart3.Init.HwFlowCtl = UART_HWCONTROL_NONE;
 476:Core/Src/main.c ****   huart3.Init.OverSampling = UART_OVERSAMPLING_16;
 477:Core/Src/main.c ****   if (HAL_UART_Init(&huart3) != HAL_OK)
 478:Core/Src/main.c ****   {
 479:Core/Src/main.c ****     Error_Handler();
 480:Core/Src/main.c ****   }
 481:Core/Src/main.c ****   /* USER CODE BEGIN USART3_Init 2 */
 482:Core/Src/main.c **** 
 483:Core/Src/main.c ****   /* USER CODE END USART3_Init 2 */
 484:Core/Src/main.c **** 
 485:Core/Src/main.c **** }
 486:Core/Src/main.c **** 
 487:Core/Src/main.c **** /**
ARM GAS  C:\Users\CuongLe\AppData\Local\Temp\cca9pI0g.s 			page 10


 488:Core/Src/main.c ****   * Enable DMA controller clock
 489:Core/Src/main.c ****   */
 490:Core/Src/main.c **** static void MX_DMA_Init(void)
 491:Core/Src/main.c **** {
 492:Core/Src/main.c **** 
 493:Core/Src/main.c ****   /* DMA controller clock enable */
 494:Core/Src/main.c ****   __HAL_RCC_DMA2_CLK_ENABLE();
 495:Core/Src/main.c **** 
 496:Core/Src/main.c ****   /* DMA interrupt init */
 497:Core/Src/main.c ****   /* DMA2_Stream0_IRQn interrupt configuration */
 498:Core/Src/main.c ****   HAL_NVIC_SetPriority(DMA2_Stream0_IRQn, 8, 0);
 499:Core/Src/main.c ****   HAL_NVIC_EnableIRQ(DMA2_Stream0_IRQn);
 500:Core/Src/main.c **** 
 501:Core/Src/main.c **** }
 502:Core/Src/main.c **** 
 503:Core/Src/main.c **** /**
 504:Core/Src/main.c ****   * @brief GPIO Initialization Function
 505:Core/Src/main.c ****   * @param None
 506:Core/Src/main.c ****   * @retval None
 507:Core/Src/main.c ****   */
 508:Core/Src/main.c **** static void MX_GPIO_Init(void)
 509:Core/Src/main.c **** {
  28              		.loc 1 509 1 view -0
  29              		.cfi_startproc
  30              		@ args = 0, pretend = 0, frame = 40
  31              		@ frame_needed = 0, uses_anonymous_args = 0
  32 0000 70B5     		push	{r4, r5, r6, lr}
  33              	.LCFI0:
  34              		.cfi_def_cfa_offset 16
  35              		.cfi_offset 4, -16
  36              		.cfi_offset 5, -12
  37              		.cfi_offset 6, -8
  38              		.cfi_offset 14, -4
  39 0002 8AB0     		sub	sp, sp, #40
  40              	.LCFI1:
  41              		.cfi_def_cfa_offset 56
 510:Core/Src/main.c ****   GPIO_InitTypeDef GPIO_InitStruct = {0};
  42              		.loc 1 510 3 view .LVU1
  43              		.loc 1 510 20 is_stmt 0 view .LVU2
  44 0004 05AD     		add	r5, sp, #20
  45 0006 0024     		movs	r4, #0
  46 0008 0594     		str	r4, [sp, #20]
  47 000a 0694     		str	r4, [sp, #24]
  48 000c 0794     		str	r4, [sp, #28]
  49 000e 0894     		str	r4, [sp, #32]
  50 0010 0994     		str	r4, [sp, #36]
 511:Core/Src/main.c **** /* USER CODE BEGIN MX_GPIO_Init_1 */
 512:Core/Src/main.c **** /* USER CODE END MX_GPIO_Init_1 */
 513:Core/Src/main.c **** 
 514:Core/Src/main.c ****   /* GPIO Ports Clock Enable */
 515:Core/Src/main.c ****   __HAL_RCC_GPIOH_CLK_ENABLE();
  51              		.loc 1 515 3 is_stmt 1 view .LVU3
  52              	.LBB4:
  53              		.loc 1 515 3 view .LVU4
  54 0012 0194     		str	r4, [sp, #4]
  55              		.loc 1 515 3 view .LVU5
  56 0014 1D4B     		ldr	r3, .L3
ARM GAS  C:\Users\CuongLe\AppData\Local\Temp\cca9pI0g.s 			page 11


  57 0016 1A6B     		ldr	r2, [r3, #48]
  58 0018 42F08002 		orr	r2, r2, #128
  59 001c 1A63     		str	r2, [r3, #48]
  60              		.loc 1 515 3 view .LVU6
  61 001e 1A6B     		ldr	r2, [r3, #48]
  62 0020 02F08002 		and	r2, r2, #128
  63 0024 0192     		str	r2, [sp, #4]
  64              		.loc 1 515 3 view .LVU7
  65 0026 019A     		ldr	r2, [sp, #4]
  66              	.LBE4:
  67              		.loc 1 515 3 view .LVU8
 516:Core/Src/main.c ****   __HAL_RCC_GPIOA_CLK_ENABLE();
  68              		.loc 1 516 3 view .LVU9
  69              	.LBB5:
  70              		.loc 1 516 3 view .LVU10
  71 0028 0294     		str	r4, [sp, #8]
  72              		.loc 1 516 3 view .LVU11
  73 002a 1A6B     		ldr	r2, [r3, #48]
  74 002c 42F00102 		orr	r2, r2, #1
  75 0030 1A63     		str	r2, [r3, #48]
  76              		.loc 1 516 3 view .LVU12
  77 0032 1A6B     		ldr	r2, [r3, #48]
  78 0034 02F00102 		and	r2, r2, #1
  79 0038 0292     		str	r2, [sp, #8]
  80              		.loc 1 516 3 view .LVU13
  81 003a 029A     		ldr	r2, [sp, #8]
  82              	.LBE5:
  83              		.loc 1 516 3 view .LVU14
 517:Core/Src/main.c ****   __HAL_RCC_GPIOB_CLK_ENABLE();
  84              		.loc 1 517 3 view .LVU15
  85              	.LBB6:
  86              		.loc 1 517 3 view .LVU16
  87 003c 0394     		str	r4, [sp, #12]
  88              		.loc 1 517 3 view .LVU17
  89 003e 1A6B     		ldr	r2, [r3, #48]
  90 0040 42F00202 		orr	r2, r2, #2
  91 0044 1A63     		str	r2, [r3, #48]
  92              		.loc 1 517 3 view .LVU18
  93 0046 1A6B     		ldr	r2, [r3, #48]
  94 0048 02F00202 		and	r2, r2, #2
  95 004c 0392     		str	r2, [sp, #12]
  96              		.loc 1 517 3 view .LVU19
  97 004e 039A     		ldr	r2, [sp, #12]
  98              	.LBE6:
  99              		.loc 1 517 3 view .LVU20
 518:Core/Src/main.c ****   __HAL_RCC_GPIOD_CLK_ENABLE();
 100              		.loc 1 518 3 view .LVU21
 101              	.LBB7:
 102              		.loc 1 518 3 view .LVU22
 103 0050 0494     		str	r4, [sp, #16]
 104              		.loc 1 518 3 view .LVU23
 105 0052 1A6B     		ldr	r2, [r3, #48]
 106 0054 42F00802 		orr	r2, r2, #8
 107 0058 1A63     		str	r2, [r3, #48]
 108              		.loc 1 518 3 view .LVU24
 109 005a 1B6B     		ldr	r3, [r3, #48]
 110 005c 03F00803 		and	r3, r3, #8
ARM GAS  C:\Users\CuongLe\AppData\Local\Temp\cca9pI0g.s 			page 12


 111 0060 0493     		str	r3, [sp, #16]
 112              		.loc 1 518 3 view .LVU25
 113 0062 049B     		ldr	r3, [sp, #16]
 114              	.LBE7:
 115              		.loc 1 518 3 view .LVU26
 519:Core/Src/main.c **** 
 520:Core/Src/main.c ****   /*Configure GPIO pin Output Level */
 521:Core/Src/main.c ****   HAL_GPIO_WritePin(GPIOD, GPIO_PIN_12|GPIO_PIN_13|GPIO_PIN_14|GPIO_PIN_15, GPIO_PIN_RESET);
 116              		.loc 1 521 3 view .LVU27
 117 0064 0A4E     		ldr	r6, .L3+4
 118 0066 2246     		mov	r2, r4
 119 0068 4FF47041 		mov	r1, #61440
 120 006c 3046     		mov	r0, r6
 121 006e FFF7FEFF 		bl	HAL_GPIO_WritePin
 122              	.LVL0:
 522:Core/Src/main.c **** 
 523:Core/Src/main.c ****   /*Configure GPIO pins : PD12 PD13 PD14 PD15 */
 524:Core/Src/main.c ****   GPIO_InitStruct.Pin = GPIO_PIN_12|GPIO_PIN_13|GPIO_PIN_14|GPIO_PIN_15;
 123              		.loc 1 524 3 view .LVU28
 124              		.loc 1 524 23 is_stmt 0 view .LVU29
 125 0072 4FF47043 		mov	r3, #61440
 126 0076 0593     		str	r3, [sp, #20]
 525:Core/Src/main.c ****   GPIO_InitStruct.Mode = GPIO_MODE_OUTPUT_PP;
 127              		.loc 1 525 3 is_stmt 1 view .LVU30
 128              		.loc 1 525 24 is_stmt 0 view .LVU31
 129 0078 0123     		movs	r3, #1
 130 007a 0693     		str	r3, [sp, #24]
 526:Core/Src/main.c ****   GPIO_InitStruct.Pull = GPIO_NOPULL;
 131              		.loc 1 526 3 is_stmt 1 view .LVU32
 132              		.loc 1 526 24 is_stmt 0 view .LVU33
 133 007c 0794     		str	r4, [sp, #28]
 527:Core/Src/main.c ****   GPIO_InitStruct.Speed = GPIO_SPEED_FREQ_LOW;
 134              		.loc 1 527 3 is_stmt 1 view .LVU34
 135              		.loc 1 527 25 is_stmt 0 view .LVU35
 136 007e 0894     		str	r4, [sp, #32]
 528:Core/Src/main.c ****   HAL_GPIO_Init(GPIOD, &GPIO_InitStruct);
 137              		.loc 1 528 3 is_stmt 1 view .LVU36
 138 0080 2946     		mov	r1, r5
 139 0082 3046     		mov	r0, r6
 140 0084 FFF7FEFF 		bl	HAL_GPIO_Init
 141              	.LVL1:
 529:Core/Src/main.c **** 
 530:Core/Src/main.c **** /* USER CODE BEGIN MX_GPIO_Init_2 */
 531:Core/Src/main.c **** /* USER CODE END MX_GPIO_Init_2 */
 532:Core/Src/main.c **** }
 142              		.loc 1 532 1 is_stmt 0 view .LVU37
 143 0088 0AB0     		add	sp, sp, #40
 144              	.LCFI2:
 145              		.cfi_def_cfa_offset 16
 146              		@ sp needed
 147 008a 70BD     		pop	{r4, r5, r6, pc}
 148              	.L4:
 149              		.align	2
 150              	.L3:
 151 008c 00380240 		.word	1073887232
 152 0090 000C0240 		.word	1073875968
 153              		.cfi_endproc
ARM GAS  C:\Users\CuongLe\AppData\Local\Temp\cca9pI0g.s 			page 13


 154              	.LFE298:
 156              		.section	.text.MX_DMA_Init,"ax",%progbits
 157              		.align	1
 158              		.syntax unified
 159              		.thumb
 160              		.thumb_func
 162              	MX_DMA_Init:
 163              	.LFB297:
 491:Core/Src/main.c **** 
 164              		.loc 1 491 1 is_stmt 1 view -0
 165              		.cfi_startproc
 166              		@ args = 0, pretend = 0, frame = 8
 167              		@ frame_needed = 0, uses_anonymous_args = 0
 168 0000 00B5     		push	{lr}
 169              	.LCFI3:
 170              		.cfi_def_cfa_offset 4
 171              		.cfi_offset 14, -4
 172 0002 83B0     		sub	sp, sp, #12
 173              	.LCFI4:
 174              		.cfi_def_cfa_offset 16
 494:Core/Src/main.c **** 
 175              		.loc 1 494 3 view .LVU39
 176              	.LBB8:
 494:Core/Src/main.c **** 
 177              		.loc 1 494 3 view .LVU40
 178 0004 0022     		movs	r2, #0
 179 0006 0192     		str	r2, [sp, #4]
 494:Core/Src/main.c **** 
 180              		.loc 1 494 3 view .LVU41
 181 0008 094B     		ldr	r3, .L7
 182 000a 196B     		ldr	r1, [r3, #48]
 183 000c 41F48001 		orr	r1, r1, #4194304
 184 0010 1963     		str	r1, [r3, #48]
 494:Core/Src/main.c **** 
 185              		.loc 1 494 3 view .LVU42
 186 0012 1B6B     		ldr	r3, [r3, #48]
 187 0014 03F48003 		and	r3, r3, #4194304
 188 0018 0193     		str	r3, [sp, #4]
 494:Core/Src/main.c **** 
 189              		.loc 1 494 3 view .LVU43
 190 001a 019B     		ldr	r3, [sp, #4]
 191              	.LBE8:
 494:Core/Src/main.c **** 
 192              		.loc 1 494 3 view .LVU44
 498:Core/Src/main.c ****   HAL_NVIC_EnableIRQ(DMA2_Stream0_IRQn);
 193              		.loc 1 498 3 view .LVU45
 194 001c 0821     		movs	r1, #8
 195 001e 3820     		movs	r0, #56
 196 0020 FFF7FEFF 		bl	HAL_NVIC_SetPriority
 197              	.LVL2:
 499:Core/Src/main.c **** 
 198              		.loc 1 499 3 view .LVU46
 199 0024 3820     		movs	r0, #56
 200 0026 FFF7FEFF 		bl	HAL_NVIC_EnableIRQ
 201              	.LVL3:
 501:Core/Src/main.c **** 
 202              		.loc 1 501 1 is_stmt 0 view .LVU47
ARM GAS  C:\Users\CuongLe\AppData\Local\Temp\cca9pI0g.s 			page 14


 203 002a 03B0     		add	sp, sp, #12
 204              	.LCFI5:
 205              		.cfi_def_cfa_offset 4
 206              		@ sp needed
 207 002c 5DF804FB 		ldr	pc, [sp], #4
 208              	.L8:
 209              		.align	2
 210              	.L7:
 211 0030 00380240 		.word	1073887232
 212              		.cfi_endproc
 213              	.LFE297:
 215              		.section	.text.Error_Handler,"ax",%progbits
 216              		.align	1
 217              		.global	Error_Handler
 218              		.syntax unified
 219              		.thumb
 220              		.thumb_func
 222              	Error_Handler:
 223              	.LFB299:
 533:Core/Src/main.c **** 
 534:Core/Src/main.c **** /* USER CODE BEGIN 4 */
 535:Core/Src/main.c **** 
 536:Core/Src/main.c **** /* USER CODE END 4 */
 537:Core/Src/main.c **** 
 538:Core/Src/main.c **** /**
 539:Core/Src/main.c ****   * @brief  This function is executed in case of error occurrence.
 540:Core/Src/main.c ****   * @retval None
 541:Core/Src/main.c ****   */
 542:Core/Src/main.c **** void Error_Handler(void)
 543:Core/Src/main.c **** {
 224              		.loc 1 543 1 is_stmt 1 view -0
 225              		.cfi_startproc
 226              		@ Volatile: function does not return.
 227              		@ args = 0, pretend = 0, frame = 0
 228              		@ frame_needed = 0, uses_anonymous_args = 0
 229              		@ link register save eliminated.
 544:Core/Src/main.c ****   /* USER CODE BEGIN Error_Handler_Debug */
 545:Core/Src/main.c ****   /* User can add his own implementation to report the HAL error return state */
 546:Core/Src/main.c ****   __disable_irq();
 230              		.loc 1 546 3 view .LVU49
 231              	.LBB9:
 232              	.LBI9:
 233              		.file 2 "Drivers/CMSIS/Include/cmsis_gcc.h"
   1:Drivers/CMSIS/Include/cmsis_gcc.h **** /**************************************************************************//**
   2:Drivers/CMSIS/Include/cmsis_gcc.h ****  * @file     cmsis_gcc.h
   3:Drivers/CMSIS/Include/cmsis_gcc.h ****  * @brief    CMSIS compiler GCC header file
   4:Drivers/CMSIS/Include/cmsis_gcc.h ****  * @version  V5.4.1
   5:Drivers/CMSIS/Include/cmsis_gcc.h ****  * @date     27. May 2021
   6:Drivers/CMSIS/Include/cmsis_gcc.h ****  ******************************************************************************/
   7:Drivers/CMSIS/Include/cmsis_gcc.h **** /*
   8:Drivers/CMSIS/Include/cmsis_gcc.h ****  * Copyright (c) 2009-2021 Arm Limited. All rights reserved.
   9:Drivers/CMSIS/Include/cmsis_gcc.h ****  *
  10:Drivers/CMSIS/Include/cmsis_gcc.h ****  * SPDX-License-Identifier: Apache-2.0
  11:Drivers/CMSIS/Include/cmsis_gcc.h ****  *
  12:Drivers/CMSIS/Include/cmsis_gcc.h ****  * Licensed under the Apache License, Version 2.0 (the License); you may
  13:Drivers/CMSIS/Include/cmsis_gcc.h ****  * not use this file except in compliance with the License.
  14:Drivers/CMSIS/Include/cmsis_gcc.h ****  * You may obtain a copy of the License at
ARM GAS  C:\Users\CuongLe\AppData\Local\Temp\cca9pI0g.s 			page 15


  15:Drivers/CMSIS/Include/cmsis_gcc.h ****  *
  16:Drivers/CMSIS/Include/cmsis_gcc.h ****  * www.apache.org/licenses/LICENSE-2.0
  17:Drivers/CMSIS/Include/cmsis_gcc.h ****  *
  18:Drivers/CMSIS/Include/cmsis_gcc.h ****  * Unless required by applicable law or agreed to in writing, software
  19:Drivers/CMSIS/Include/cmsis_gcc.h ****  * distributed under the License is distributed on an AS IS BASIS, WITHOUT
  20:Drivers/CMSIS/Include/cmsis_gcc.h ****  * WARRANTIES OR CONDITIONS OF ANY KIND, either express or implied.
  21:Drivers/CMSIS/Include/cmsis_gcc.h ****  * See the License for the specific language governing permissions and
  22:Drivers/CMSIS/Include/cmsis_gcc.h ****  * limitations under the License.
  23:Drivers/CMSIS/Include/cmsis_gcc.h ****  */
  24:Drivers/CMSIS/Include/cmsis_gcc.h **** 
  25:Drivers/CMSIS/Include/cmsis_gcc.h **** #ifndef __CMSIS_GCC_H
  26:Drivers/CMSIS/Include/cmsis_gcc.h **** #define __CMSIS_GCC_H
  27:Drivers/CMSIS/Include/cmsis_gcc.h **** 
  28:Drivers/CMSIS/Include/cmsis_gcc.h **** /* ignore some GCC warnings */
  29:Drivers/CMSIS/Include/cmsis_gcc.h **** #pragma GCC diagnostic push
  30:Drivers/CMSIS/Include/cmsis_gcc.h **** #pragma GCC diagnostic ignored "-Wsign-conversion"
  31:Drivers/CMSIS/Include/cmsis_gcc.h **** #pragma GCC diagnostic ignored "-Wconversion"
  32:Drivers/CMSIS/Include/cmsis_gcc.h **** #pragma GCC diagnostic ignored "-Wunused-parameter"
  33:Drivers/CMSIS/Include/cmsis_gcc.h **** 
  34:Drivers/CMSIS/Include/cmsis_gcc.h **** /* Fallback for __has_builtin */
  35:Drivers/CMSIS/Include/cmsis_gcc.h **** #ifndef __has_builtin
  36:Drivers/CMSIS/Include/cmsis_gcc.h ****   #define __has_builtin(x) (0)
  37:Drivers/CMSIS/Include/cmsis_gcc.h **** #endif
  38:Drivers/CMSIS/Include/cmsis_gcc.h **** 
  39:Drivers/CMSIS/Include/cmsis_gcc.h **** /* CMSIS compiler specific defines */
  40:Drivers/CMSIS/Include/cmsis_gcc.h **** #ifndef   __ASM
  41:Drivers/CMSIS/Include/cmsis_gcc.h ****   #define __ASM                                  __asm
  42:Drivers/CMSIS/Include/cmsis_gcc.h **** #endif
  43:Drivers/CMSIS/Include/cmsis_gcc.h **** #ifndef   __INLINE
  44:Drivers/CMSIS/Include/cmsis_gcc.h ****   #define __INLINE                               inline
  45:Drivers/CMSIS/Include/cmsis_gcc.h **** #endif
  46:Drivers/CMSIS/Include/cmsis_gcc.h **** #ifndef   __STATIC_INLINE
  47:Drivers/CMSIS/Include/cmsis_gcc.h ****   #define __STATIC_INLINE                        static inline
  48:Drivers/CMSIS/Include/cmsis_gcc.h **** #endif
  49:Drivers/CMSIS/Include/cmsis_gcc.h **** #ifndef   __STATIC_FORCEINLINE
  50:Drivers/CMSIS/Include/cmsis_gcc.h ****   #define __STATIC_FORCEINLINE                   __attribute__((always_inline)) static inline
  51:Drivers/CMSIS/Include/cmsis_gcc.h **** #endif
  52:Drivers/CMSIS/Include/cmsis_gcc.h **** #ifndef   __NO_RETURN
  53:Drivers/CMSIS/Include/cmsis_gcc.h ****   #define __NO_RETURN                            __attribute__((__noreturn__))
  54:Drivers/CMSIS/Include/cmsis_gcc.h **** #endif
  55:Drivers/CMSIS/Include/cmsis_gcc.h **** #ifndef   __USED
  56:Drivers/CMSIS/Include/cmsis_gcc.h ****   #define __USED                                 __attribute__((used))
  57:Drivers/CMSIS/Include/cmsis_gcc.h **** #endif
  58:Drivers/CMSIS/Include/cmsis_gcc.h **** #ifndef   __WEAK
  59:Drivers/CMSIS/Include/cmsis_gcc.h ****   #define __WEAK                                 __attribute__((weak))
  60:Drivers/CMSIS/Include/cmsis_gcc.h **** #endif
  61:Drivers/CMSIS/Include/cmsis_gcc.h **** #ifndef   __PACKED
  62:Drivers/CMSIS/Include/cmsis_gcc.h ****   #define __PACKED                               __attribute__((packed, aligned(1)))
  63:Drivers/CMSIS/Include/cmsis_gcc.h **** #endif
  64:Drivers/CMSIS/Include/cmsis_gcc.h **** #ifndef   __PACKED_STRUCT
  65:Drivers/CMSIS/Include/cmsis_gcc.h ****   #define __PACKED_STRUCT                        struct __attribute__((packed, aligned(1)))
  66:Drivers/CMSIS/Include/cmsis_gcc.h **** #endif
  67:Drivers/CMSIS/Include/cmsis_gcc.h **** #ifndef   __PACKED_UNION
  68:Drivers/CMSIS/Include/cmsis_gcc.h ****   #define __PACKED_UNION                         union __attribute__((packed, aligned(1)))
  69:Drivers/CMSIS/Include/cmsis_gcc.h **** #endif
  70:Drivers/CMSIS/Include/cmsis_gcc.h **** #ifndef   __UNALIGNED_UINT32        /* deprecated */
  71:Drivers/CMSIS/Include/cmsis_gcc.h ****   #pragma GCC diagnostic push
ARM GAS  C:\Users\CuongLe\AppData\Local\Temp\cca9pI0g.s 			page 16


  72:Drivers/CMSIS/Include/cmsis_gcc.h ****   #pragma GCC diagnostic ignored "-Wpacked"
  73:Drivers/CMSIS/Include/cmsis_gcc.h ****   #pragma GCC diagnostic ignored "-Wattributes"
  74:Drivers/CMSIS/Include/cmsis_gcc.h ****   struct __attribute__((packed)) T_UINT32 { uint32_t v; };
  75:Drivers/CMSIS/Include/cmsis_gcc.h ****   #pragma GCC diagnostic pop
  76:Drivers/CMSIS/Include/cmsis_gcc.h ****   #define __UNALIGNED_UINT32(x)                  (((struct T_UINT32 *)(x))->v)
  77:Drivers/CMSIS/Include/cmsis_gcc.h **** #endif
  78:Drivers/CMSIS/Include/cmsis_gcc.h **** #ifndef   __UNALIGNED_UINT16_WRITE
  79:Drivers/CMSIS/Include/cmsis_gcc.h ****   #pragma GCC diagnostic push
  80:Drivers/CMSIS/Include/cmsis_gcc.h ****   #pragma GCC diagnostic ignored "-Wpacked"
  81:Drivers/CMSIS/Include/cmsis_gcc.h ****   #pragma GCC diagnostic ignored "-Wattributes"
  82:Drivers/CMSIS/Include/cmsis_gcc.h ****   __PACKED_STRUCT T_UINT16_WRITE { uint16_t v; };
  83:Drivers/CMSIS/Include/cmsis_gcc.h ****   #pragma GCC diagnostic pop
  84:Drivers/CMSIS/Include/cmsis_gcc.h ****   #define __UNALIGNED_UINT16_WRITE(addr, val)    (void)((((struct T_UINT16_WRITE *)(void *)(addr))-
  85:Drivers/CMSIS/Include/cmsis_gcc.h **** #endif
  86:Drivers/CMSIS/Include/cmsis_gcc.h **** #ifndef   __UNALIGNED_UINT16_READ
  87:Drivers/CMSIS/Include/cmsis_gcc.h ****   #pragma GCC diagnostic push
  88:Drivers/CMSIS/Include/cmsis_gcc.h ****   #pragma GCC diagnostic ignored "-Wpacked"
  89:Drivers/CMSIS/Include/cmsis_gcc.h ****   #pragma GCC diagnostic ignored "-Wattributes"
  90:Drivers/CMSIS/Include/cmsis_gcc.h ****   __PACKED_STRUCT T_UINT16_READ { uint16_t v; };
  91:Drivers/CMSIS/Include/cmsis_gcc.h ****   #pragma GCC diagnostic pop
  92:Drivers/CMSIS/Include/cmsis_gcc.h ****   #define __UNALIGNED_UINT16_READ(addr)          (((const struct T_UINT16_READ *)(const void *)(add
  93:Drivers/CMSIS/Include/cmsis_gcc.h **** #endif
  94:Drivers/CMSIS/Include/cmsis_gcc.h **** #ifndef   __UNALIGNED_UINT32_WRITE
  95:Drivers/CMSIS/Include/cmsis_gcc.h ****   #pragma GCC diagnostic push
  96:Drivers/CMSIS/Include/cmsis_gcc.h ****   #pragma GCC diagnostic ignored "-Wpacked"
  97:Drivers/CMSIS/Include/cmsis_gcc.h ****   #pragma GCC diagnostic ignored "-Wattributes"
  98:Drivers/CMSIS/Include/cmsis_gcc.h ****   __PACKED_STRUCT T_UINT32_WRITE { uint32_t v; };
  99:Drivers/CMSIS/Include/cmsis_gcc.h ****   #pragma GCC diagnostic pop
 100:Drivers/CMSIS/Include/cmsis_gcc.h ****   #define __UNALIGNED_UINT32_WRITE(addr, val)    (void)((((struct T_UINT32_WRITE *)(void *)(addr))-
 101:Drivers/CMSIS/Include/cmsis_gcc.h **** #endif
 102:Drivers/CMSIS/Include/cmsis_gcc.h **** #ifndef   __UNALIGNED_UINT32_READ
 103:Drivers/CMSIS/Include/cmsis_gcc.h ****   #pragma GCC diagnostic push
 104:Drivers/CMSIS/Include/cmsis_gcc.h ****   #pragma GCC diagnostic ignored "-Wpacked"
 105:Drivers/CMSIS/Include/cmsis_gcc.h ****   #pragma GCC diagnostic ignored "-Wattributes"
 106:Drivers/CMSIS/Include/cmsis_gcc.h ****   __PACKED_STRUCT T_UINT32_READ { uint32_t v; };
 107:Drivers/CMSIS/Include/cmsis_gcc.h ****   #pragma GCC diagnostic pop
 108:Drivers/CMSIS/Include/cmsis_gcc.h ****   #define __UNALIGNED_UINT32_READ(addr)          (((const struct T_UINT32_READ *)(const void *)(add
 109:Drivers/CMSIS/Include/cmsis_gcc.h **** #endif
 110:Drivers/CMSIS/Include/cmsis_gcc.h **** #ifndef   __ALIGNED
 111:Drivers/CMSIS/Include/cmsis_gcc.h ****   #define __ALIGNED(x)                           __attribute__((aligned(x)))
 112:Drivers/CMSIS/Include/cmsis_gcc.h **** #endif
 113:Drivers/CMSIS/Include/cmsis_gcc.h **** #ifndef   __RESTRICT
 114:Drivers/CMSIS/Include/cmsis_gcc.h ****   #define __RESTRICT                             __restrict
 115:Drivers/CMSIS/Include/cmsis_gcc.h **** #endif
 116:Drivers/CMSIS/Include/cmsis_gcc.h **** #ifndef   __COMPILER_BARRIER
 117:Drivers/CMSIS/Include/cmsis_gcc.h ****   #define __COMPILER_BARRIER()                   __ASM volatile("":::"memory")
 118:Drivers/CMSIS/Include/cmsis_gcc.h **** #endif
 119:Drivers/CMSIS/Include/cmsis_gcc.h **** 
 120:Drivers/CMSIS/Include/cmsis_gcc.h **** /* #########################  Startup and Lowlevel Init  ######################## */
 121:Drivers/CMSIS/Include/cmsis_gcc.h **** 
 122:Drivers/CMSIS/Include/cmsis_gcc.h **** #ifndef __PROGRAM_START
 123:Drivers/CMSIS/Include/cmsis_gcc.h **** 
 124:Drivers/CMSIS/Include/cmsis_gcc.h **** /**
 125:Drivers/CMSIS/Include/cmsis_gcc.h ****   \brief   Initializes data and bss sections
 126:Drivers/CMSIS/Include/cmsis_gcc.h ****   \details This default implementations initialized all data and additional bss
 127:Drivers/CMSIS/Include/cmsis_gcc.h ****            sections relying on .copy.table and .zero.table specified properly
 128:Drivers/CMSIS/Include/cmsis_gcc.h ****            in the used linker script.
ARM GAS  C:\Users\CuongLe\AppData\Local\Temp\cca9pI0g.s 			page 17


 129:Drivers/CMSIS/Include/cmsis_gcc.h **** 
 130:Drivers/CMSIS/Include/cmsis_gcc.h ****  */
 131:Drivers/CMSIS/Include/cmsis_gcc.h **** __STATIC_FORCEINLINE __NO_RETURN void __cmsis_start(void)
 132:Drivers/CMSIS/Include/cmsis_gcc.h **** {
 133:Drivers/CMSIS/Include/cmsis_gcc.h ****   extern void _start(void) __NO_RETURN;
 134:Drivers/CMSIS/Include/cmsis_gcc.h **** 
 135:Drivers/CMSIS/Include/cmsis_gcc.h ****   typedef struct {
 136:Drivers/CMSIS/Include/cmsis_gcc.h ****     uint32_t const* src;
 137:Drivers/CMSIS/Include/cmsis_gcc.h ****     uint32_t* dest;
 138:Drivers/CMSIS/Include/cmsis_gcc.h ****     uint32_t  wlen;
 139:Drivers/CMSIS/Include/cmsis_gcc.h ****   } __copy_table_t;
 140:Drivers/CMSIS/Include/cmsis_gcc.h **** 
 141:Drivers/CMSIS/Include/cmsis_gcc.h ****   typedef struct {
 142:Drivers/CMSIS/Include/cmsis_gcc.h ****     uint32_t* dest;
 143:Drivers/CMSIS/Include/cmsis_gcc.h ****     uint32_t  wlen;
 144:Drivers/CMSIS/Include/cmsis_gcc.h ****   } __zero_table_t;
 145:Drivers/CMSIS/Include/cmsis_gcc.h **** 
 146:Drivers/CMSIS/Include/cmsis_gcc.h ****   extern const __copy_table_t __copy_table_start__;
 147:Drivers/CMSIS/Include/cmsis_gcc.h ****   extern const __copy_table_t __copy_table_end__;
 148:Drivers/CMSIS/Include/cmsis_gcc.h ****   extern const __zero_table_t __zero_table_start__;
 149:Drivers/CMSIS/Include/cmsis_gcc.h ****   extern const __zero_table_t __zero_table_end__;
 150:Drivers/CMSIS/Include/cmsis_gcc.h **** 
 151:Drivers/CMSIS/Include/cmsis_gcc.h ****   for (__copy_table_t const* pTable = &__copy_table_start__; pTable < &__copy_table_end__; ++pTable
 152:Drivers/CMSIS/Include/cmsis_gcc.h ****     for(uint32_t i=0u; i<pTable->wlen; ++i) {
 153:Drivers/CMSIS/Include/cmsis_gcc.h ****       pTable->dest[i] = pTable->src[i];
 154:Drivers/CMSIS/Include/cmsis_gcc.h ****     }
 155:Drivers/CMSIS/Include/cmsis_gcc.h ****   }
 156:Drivers/CMSIS/Include/cmsis_gcc.h **** 
 157:Drivers/CMSIS/Include/cmsis_gcc.h ****   for (__zero_table_t const* pTable = &__zero_table_start__; pTable < &__zero_table_end__; ++pTable
 158:Drivers/CMSIS/Include/cmsis_gcc.h ****     for(uint32_t i=0u; i<pTable->wlen; ++i) {
 159:Drivers/CMSIS/Include/cmsis_gcc.h ****       pTable->dest[i] = 0u;
 160:Drivers/CMSIS/Include/cmsis_gcc.h ****     }
 161:Drivers/CMSIS/Include/cmsis_gcc.h ****   }
 162:Drivers/CMSIS/Include/cmsis_gcc.h **** 
 163:Drivers/CMSIS/Include/cmsis_gcc.h ****   _start();
 164:Drivers/CMSIS/Include/cmsis_gcc.h **** }
 165:Drivers/CMSIS/Include/cmsis_gcc.h **** 
 166:Drivers/CMSIS/Include/cmsis_gcc.h **** #define __PROGRAM_START           __cmsis_start
 167:Drivers/CMSIS/Include/cmsis_gcc.h **** #endif
 168:Drivers/CMSIS/Include/cmsis_gcc.h **** 
 169:Drivers/CMSIS/Include/cmsis_gcc.h **** #ifndef __INITIAL_SP
 170:Drivers/CMSIS/Include/cmsis_gcc.h **** #define __INITIAL_SP              __StackTop
 171:Drivers/CMSIS/Include/cmsis_gcc.h **** #endif
 172:Drivers/CMSIS/Include/cmsis_gcc.h **** 
 173:Drivers/CMSIS/Include/cmsis_gcc.h **** #ifndef __STACK_LIMIT
 174:Drivers/CMSIS/Include/cmsis_gcc.h **** #define __STACK_LIMIT             __StackLimit
 175:Drivers/CMSIS/Include/cmsis_gcc.h **** #endif
 176:Drivers/CMSIS/Include/cmsis_gcc.h **** 
 177:Drivers/CMSIS/Include/cmsis_gcc.h **** #ifndef __VECTOR_TABLE
 178:Drivers/CMSIS/Include/cmsis_gcc.h **** #define __VECTOR_TABLE            __Vectors
 179:Drivers/CMSIS/Include/cmsis_gcc.h **** #endif
 180:Drivers/CMSIS/Include/cmsis_gcc.h **** 
 181:Drivers/CMSIS/Include/cmsis_gcc.h **** #ifndef __VECTOR_TABLE_ATTRIBUTE
 182:Drivers/CMSIS/Include/cmsis_gcc.h **** #define __VECTOR_TABLE_ATTRIBUTE  __attribute__((used, section(".vectors")))
 183:Drivers/CMSIS/Include/cmsis_gcc.h **** #endif
 184:Drivers/CMSIS/Include/cmsis_gcc.h **** 
 185:Drivers/CMSIS/Include/cmsis_gcc.h **** #if defined (__ARM_FEATURE_CMSE) && (__ARM_FEATURE_CMSE == 3U)
ARM GAS  C:\Users\CuongLe\AppData\Local\Temp\cca9pI0g.s 			page 18


 186:Drivers/CMSIS/Include/cmsis_gcc.h **** #ifndef __STACK_SEAL
 187:Drivers/CMSIS/Include/cmsis_gcc.h **** #define __STACK_SEAL              __StackSeal
 188:Drivers/CMSIS/Include/cmsis_gcc.h **** #endif
 189:Drivers/CMSIS/Include/cmsis_gcc.h **** 
 190:Drivers/CMSIS/Include/cmsis_gcc.h **** #ifndef __TZ_STACK_SEAL_SIZE
 191:Drivers/CMSIS/Include/cmsis_gcc.h **** #define __TZ_STACK_SEAL_SIZE      8U
 192:Drivers/CMSIS/Include/cmsis_gcc.h **** #endif
 193:Drivers/CMSIS/Include/cmsis_gcc.h **** 
 194:Drivers/CMSIS/Include/cmsis_gcc.h **** #ifndef __TZ_STACK_SEAL_VALUE
 195:Drivers/CMSIS/Include/cmsis_gcc.h **** #define __TZ_STACK_SEAL_VALUE     0xFEF5EDA5FEF5EDA5ULL
 196:Drivers/CMSIS/Include/cmsis_gcc.h **** #endif
 197:Drivers/CMSIS/Include/cmsis_gcc.h **** 
 198:Drivers/CMSIS/Include/cmsis_gcc.h **** 
 199:Drivers/CMSIS/Include/cmsis_gcc.h **** __STATIC_FORCEINLINE void __TZ_set_STACKSEAL_S (uint32_t* stackTop) {
 200:Drivers/CMSIS/Include/cmsis_gcc.h ****   *((uint64_t *)stackTop) = __TZ_STACK_SEAL_VALUE;
 201:Drivers/CMSIS/Include/cmsis_gcc.h **** }
 202:Drivers/CMSIS/Include/cmsis_gcc.h **** #endif
 203:Drivers/CMSIS/Include/cmsis_gcc.h **** 
 204:Drivers/CMSIS/Include/cmsis_gcc.h **** 
 205:Drivers/CMSIS/Include/cmsis_gcc.h **** /* ##########################  Core Instruction Access  ######################### */
 206:Drivers/CMSIS/Include/cmsis_gcc.h **** /** \defgroup CMSIS_Core_InstructionInterface CMSIS Core Instruction Interface
 207:Drivers/CMSIS/Include/cmsis_gcc.h ****   Access to dedicated instructions
 208:Drivers/CMSIS/Include/cmsis_gcc.h ****   @{
 209:Drivers/CMSIS/Include/cmsis_gcc.h **** */
 210:Drivers/CMSIS/Include/cmsis_gcc.h **** 
 211:Drivers/CMSIS/Include/cmsis_gcc.h **** /* Define macros for porting to both thumb1 and thumb2.
 212:Drivers/CMSIS/Include/cmsis_gcc.h ****  * For thumb1, use low register (r0-r7), specified by constraint "l"
 213:Drivers/CMSIS/Include/cmsis_gcc.h ****  * Otherwise, use general registers, specified by constraint "r" */
 214:Drivers/CMSIS/Include/cmsis_gcc.h **** #if defined (__thumb__) && !defined (__thumb2__)
 215:Drivers/CMSIS/Include/cmsis_gcc.h **** #define __CMSIS_GCC_OUT_REG(r) "=l" (r)
 216:Drivers/CMSIS/Include/cmsis_gcc.h **** #define __CMSIS_GCC_RW_REG(r) "+l" (r)
 217:Drivers/CMSIS/Include/cmsis_gcc.h **** #define __CMSIS_GCC_USE_REG(r) "l" (r)
 218:Drivers/CMSIS/Include/cmsis_gcc.h **** #else
 219:Drivers/CMSIS/Include/cmsis_gcc.h **** #define __CMSIS_GCC_OUT_REG(r) "=r" (r)
 220:Drivers/CMSIS/Include/cmsis_gcc.h **** #define __CMSIS_GCC_RW_REG(r) "+r" (r)
 221:Drivers/CMSIS/Include/cmsis_gcc.h **** #define __CMSIS_GCC_USE_REG(r) "r" (r)
 222:Drivers/CMSIS/Include/cmsis_gcc.h **** #endif
 223:Drivers/CMSIS/Include/cmsis_gcc.h **** 
 224:Drivers/CMSIS/Include/cmsis_gcc.h **** /**
 225:Drivers/CMSIS/Include/cmsis_gcc.h ****   \brief   No Operation
 226:Drivers/CMSIS/Include/cmsis_gcc.h ****   \details No Operation does nothing. This instruction can be used for code alignment purposes.
 227:Drivers/CMSIS/Include/cmsis_gcc.h ****  */
 228:Drivers/CMSIS/Include/cmsis_gcc.h **** #define __NOP()                             __ASM volatile ("nop")
 229:Drivers/CMSIS/Include/cmsis_gcc.h **** 
 230:Drivers/CMSIS/Include/cmsis_gcc.h **** /**
 231:Drivers/CMSIS/Include/cmsis_gcc.h ****   \brief   Wait For Interrupt
 232:Drivers/CMSIS/Include/cmsis_gcc.h ****   \details Wait For Interrupt is a hint instruction that suspends execution until one of a number o
 233:Drivers/CMSIS/Include/cmsis_gcc.h ****  */
 234:Drivers/CMSIS/Include/cmsis_gcc.h **** #define __WFI()                             __ASM volatile ("wfi":::"memory")
 235:Drivers/CMSIS/Include/cmsis_gcc.h **** 
 236:Drivers/CMSIS/Include/cmsis_gcc.h **** 
 237:Drivers/CMSIS/Include/cmsis_gcc.h **** /**
 238:Drivers/CMSIS/Include/cmsis_gcc.h ****   \brief   Wait For Event
 239:Drivers/CMSIS/Include/cmsis_gcc.h ****   \details Wait For Event is a hint instruction that permits the processor to enter
 240:Drivers/CMSIS/Include/cmsis_gcc.h ****            a low-power state until one of a number of events occurs.
 241:Drivers/CMSIS/Include/cmsis_gcc.h ****  */
 242:Drivers/CMSIS/Include/cmsis_gcc.h **** #define __WFE()                             __ASM volatile ("wfe":::"memory")
ARM GAS  C:\Users\CuongLe\AppData\Local\Temp\cca9pI0g.s 			page 19


 243:Drivers/CMSIS/Include/cmsis_gcc.h **** 
 244:Drivers/CMSIS/Include/cmsis_gcc.h **** 
 245:Drivers/CMSIS/Include/cmsis_gcc.h **** /**
 246:Drivers/CMSIS/Include/cmsis_gcc.h ****   \brief   Send Event
 247:Drivers/CMSIS/Include/cmsis_gcc.h ****   \details Send Event is a hint instruction. It causes an event to be signaled to the CPU.
 248:Drivers/CMSIS/Include/cmsis_gcc.h ****  */
 249:Drivers/CMSIS/Include/cmsis_gcc.h **** #define __SEV()                             __ASM volatile ("sev")
 250:Drivers/CMSIS/Include/cmsis_gcc.h **** 
 251:Drivers/CMSIS/Include/cmsis_gcc.h **** 
 252:Drivers/CMSIS/Include/cmsis_gcc.h **** /**
 253:Drivers/CMSIS/Include/cmsis_gcc.h ****   \brief   Instruction Synchronization Barrier
 254:Drivers/CMSIS/Include/cmsis_gcc.h ****   \details Instruction Synchronization Barrier flushes the pipeline in the processor,
 255:Drivers/CMSIS/Include/cmsis_gcc.h ****            so that all instructions following the ISB are fetched from cache or memory,
 256:Drivers/CMSIS/Include/cmsis_gcc.h ****            after the instruction has been completed.
 257:Drivers/CMSIS/Include/cmsis_gcc.h ****  */
 258:Drivers/CMSIS/Include/cmsis_gcc.h **** __STATIC_FORCEINLINE void __ISB(void)
 259:Drivers/CMSIS/Include/cmsis_gcc.h **** {
 260:Drivers/CMSIS/Include/cmsis_gcc.h ****   __ASM volatile ("isb 0xF":::"memory");
 261:Drivers/CMSIS/Include/cmsis_gcc.h **** }
 262:Drivers/CMSIS/Include/cmsis_gcc.h **** 
 263:Drivers/CMSIS/Include/cmsis_gcc.h **** 
 264:Drivers/CMSIS/Include/cmsis_gcc.h **** /**
 265:Drivers/CMSIS/Include/cmsis_gcc.h ****   \brief   Data Synchronization Barrier
 266:Drivers/CMSIS/Include/cmsis_gcc.h ****   \details Acts as a special kind of Data Memory Barrier.
 267:Drivers/CMSIS/Include/cmsis_gcc.h ****            It completes when all explicit memory accesses before this instruction complete.
 268:Drivers/CMSIS/Include/cmsis_gcc.h ****  */
 269:Drivers/CMSIS/Include/cmsis_gcc.h **** __STATIC_FORCEINLINE void __DSB(void)
 270:Drivers/CMSIS/Include/cmsis_gcc.h **** {
 271:Drivers/CMSIS/Include/cmsis_gcc.h ****   __ASM volatile ("dsb 0xF":::"memory");
 272:Drivers/CMSIS/Include/cmsis_gcc.h **** }
 273:Drivers/CMSIS/Include/cmsis_gcc.h **** 
 274:Drivers/CMSIS/Include/cmsis_gcc.h **** 
 275:Drivers/CMSIS/Include/cmsis_gcc.h **** /**
 276:Drivers/CMSIS/Include/cmsis_gcc.h ****   \brief   Data Memory Barrier
 277:Drivers/CMSIS/Include/cmsis_gcc.h ****   \details Ensures the apparent order of the explicit memory operations before
 278:Drivers/CMSIS/Include/cmsis_gcc.h ****            and after the instruction, without ensuring their completion.
 279:Drivers/CMSIS/Include/cmsis_gcc.h ****  */
 280:Drivers/CMSIS/Include/cmsis_gcc.h **** __STATIC_FORCEINLINE void __DMB(void)
 281:Drivers/CMSIS/Include/cmsis_gcc.h **** {
 282:Drivers/CMSIS/Include/cmsis_gcc.h ****   __ASM volatile ("dmb 0xF":::"memory");
 283:Drivers/CMSIS/Include/cmsis_gcc.h **** }
 284:Drivers/CMSIS/Include/cmsis_gcc.h **** 
 285:Drivers/CMSIS/Include/cmsis_gcc.h **** 
 286:Drivers/CMSIS/Include/cmsis_gcc.h **** /**
 287:Drivers/CMSIS/Include/cmsis_gcc.h ****   \brief   Reverse byte order (32 bit)
 288:Drivers/CMSIS/Include/cmsis_gcc.h ****   \details Reverses the byte order in unsigned integer value. For example, 0x12345678 becomes 0x785
 289:Drivers/CMSIS/Include/cmsis_gcc.h ****   \param [in]    value  Value to reverse
 290:Drivers/CMSIS/Include/cmsis_gcc.h ****   \return               Reversed value
 291:Drivers/CMSIS/Include/cmsis_gcc.h ****  */
 292:Drivers/CMSIS/Include/cmsis_gcc.h **** __STATIC_FORCEINLINE uint32_t __REV(uint32_t value)
 293:Drivers/CMSIS/Include/cmsis_gcc.h **** {
 294:Drivers/CMSIS/Include/cmsis_gcc.h **** #if (__GNUC__ > 4) || (__GNUC__ == 4 && __GNUC_MINOR__ >= 5)
 295:Drivers/CMSIS/Include/cmsis_gcc.h ****   return __builtin_bswap32(value);
 296:Drivers/CMSIS/Include/cmsis_gcc.h **** #else
 297:Drivers/CMSIS/Include/cmsis_gcc.h ****   uint32_t result;
 298:Drivers/CMSIS/Include/cmsis_gcc.h **** 
 299:Drivers/CMSIS/Include/cmsis_gcc.h ****   __ASM ("rev %0, %1" : __CMSIS_GCC_OUT_REG (result) : __CMSIS_GCC_USE_REG (value) );
ARM GAS  C:\Users\CuongLe\AppData\Local\Temp\cca9pI0g.s 			page 20


 300:Drivers/CMSIS/Include/cmsis_gcc.h ****   return result;
 301:Drivers/CMSIS/Include/cmsis_gcc.h **** #endif
 302:Drivers/CMSIS/Include/cmsis_gcc.h **** }
 303:Drivers/CMSIS/Include/cmsis_gcc.h **** 
 304:Drivers/CMSIS/Include/cmsis_gcc.h **** 
 305:Drivers/CMSIS/Include/cmsis_gcc.h **** /**
 306:Drivers/CMSIS/Include/cmsis_gcc.h ****   \brief   Reverse byte order (16 bit)
 307:Drivers/CMSIS/Include/cmsis_gcc.h ****   \details Reverses the byte order within each halfword of a word. For example, 0x12345678 becomes 
 308:Drivers/CMSIS/Include/cmsis_gcc.h ****   \param [in]    value  Value to reverse
 309:Drivers/CMSIS/Include/cmsis_gcc.h ****   \return               Reversed value
 310:Drivers/CMSIS/Include/cmsis_gcc.h ****  */
 311:Drivers/CMSIS/Include/cmsis_gcc.h **** __STATIC_FORCEINLINE uint32_t __REV16(uint32_t value)
 312:Drivers/CMSIS/Include/cmsis_gcc.h **** {
 313:Drivers/CMSIS/Include/cmsis_gcc.h ****   uint32_t result;
 314:Drivers/CMSIS/Include/cmsis_gcc.h **** 
 315:Drivers/CMSIS/Include/cmsis_gcc.h ****   __ASM ("rev16 %0, %1" : __CMSIS_GCC_OUT_REG (result) : __CMSIS_GCC_USE_REG (value) );
 316:Drivers/CMSIS/Include/cmsis_gcc.h ****   return result;
 317:Drivers/CMSIS/Include/cmsis_gcc.h **** }
 318:Drivers/CMSIS/Include/cmsis_gcc.h **** 
 319:Drivers/CMSIS/Include/cmsis_gcc.h **** 
 320:Drivers/CMSIS/Include/cmsis_gcc.h **** /**
 321:Drivers/CMSIS/Include/cmsis_gcc.h ****   \brief   Reverse byte order (16 bit)
 322:Drivers/CMSIS/Include/cmsis_gcc.h ****   \details Reverses the byte order in a 16-bit value and returns the signed 16-bit result. For exam
 323:Drivers/CMSIS/Include/cmsis_gcc.h ****   \param [in]    value  Value to reverse
 324:Drivers/CMSIS/Include/cmsis_gcc.h ****   \return               Reversed value
 325:Drivers/CMSIS/Include/cmsis_gcc.h ****  */
 326:Drivers/CMSIS/Include/cmsis_gcc.h **** __STATIC_FORCEINLINE int16_t __REVSH(int16_t value)
 327:Drivers/CMSIS/Include/cmsis_gcc.h **** {
 328:Drivers/CMSIS/Include/cmsis_gcc.h **** #if (__GNUC__ > 4) || (__GNUC__ == 4 && __GNUC_MINOR__ >= 8)
 329:Drivers/CMSIS/Include/cmsis_gcc.h ****   return (int16_t)__builtin_bswap16(value);
 330:Drivers/CMSIS/Include/cmsis_gcc.h **** #else
 331:Drivers/CMSIS/Include/cmsis_gcc.h ****   int16_t result;
 332:Drivers/CMSIS/Include/cmsis_gcc.h **** 
 333:Drivers/CMSIS/Include/cmsis_gcc.h ****   __ASM ("revsh %0, %1" : __CMSIS_GCC_OUT_REG (result) : __CMSIS_GCC_USE_REG (value) );
 334:Drivers/CMSIS/Include/cmsis_gcc.h ****   return result;
 335:Drivers/CMSIS/Include/cmsis_gcc.h **** #endif
 336:Drivers/CMSIS/Include/cmsis_gcc.h **** }
 337:Drivers/CMSIS/Include/cmsis_gcc.h **** 
 338:Drivers/CMSIS/Include/cmsis_gcc.h **** 
 339:Drivers/CMSIS/Include/cmsis_gcc.h **** /**
 340:Drivers/CMSIS/Include/cmsis_gcc.h ****   \brief   Rotate Right in unsigned value (32 bit)
 341:Drivers/CMSIS/Include/cmsis_gcc.h ****   \details Rotate Right (immediate) provides the value of the contents of a register rotated by a v
 342:Drivers/CMSIS/Include/cmsis_gcc.h ****   \param [in]    op1  Value to rotate
 343:Drivers/CMSIS/Include/cmsis_gcc.h ****   \param [in]    op2  Number of Bits to rotate
 344:Drivers/CMSIS/Include/cmsis_gcc.h ****   \return               Rotated value
 345:Drivers/CMSIS/Include/cmsis_gcc.h ****  */
 346:Drivers/CMSIS/Include/cmsis_gcc.h **** __STATIC_FORCEINLINE uint32_t __ROR(uint32_t op1, uint32_t op2)
 347:Drivers/CMSIS/Include/cmsis_gcc.h **** {
 348:Drivers/CMSIS/Include/cmsis_gcc.h ****   op2 %= 32U;
 349:Drivers/CMSIS/Include/cmsis_gcc.h ****   if (op2 == 0U)
 350:Drivers/CMSIS/Include/cmsis_gcc.h ****   {
 351:Drivers/CMSIS/Include/cmsis_gcc.h ****     return op1;
 352:Drivers/CMSIS/Include/cmsis_gcc.h ****   }
 353:Drivers/CMSIS/Include/cmsis_gcc.h ****   return (op1 >> op2) | (op1 << (32U - op2));
 354:Drivers/CMSIS/Include/cmsis_gcc.h **** }
 355:Drivers/CMSIS/Include/cmsis_gcc.h **** 
 356:Drivers/CMSIS/Include/cmsis_gcc.h **** 
ARM GAS  C:\Users\CuongLe\AppData\Local\Temp\cca9pI0g.s 			page 21


 357:Drivers/CMSIS/Include/cmsis_gcc.h **** /**
 358:Drivers/CMSIS/Include/cmsis_gcc.h ****   \brief   Breakpoint
 359:Drivers/CMSIS/Include/cmsis_gcc.h ****   \details Causes the processor to enter Debug state.
 360:Drivers/CMSIS/Include/cmsis_gcc.h ****            Debug tools can use this to investigate system state when the instruction at a particula
 361:Drivers/CMSIS/Include/cmsis_gcc.h ****   \param [in]    value  is ignored by the processor.
 362:Drivers/CMSIS/Include/cmsis_gcc.h ****                  If required, a debugger can use it to store additional information about the break
 363:Drivers/CMSIS/Include/cmsis_gcc.h ****  */
 364:Drivers/CMSIS/Include/cmsis_gcc.h **** #define __BKPT(value)                       __ASM volatile ("bkpt "#value)
 365:Drivers/CMSIS/Include/cmsis_gcc.h **** 
 366:Drivers/CMSIS/Include/cmsis_gcc.h **** 
 367:Drivers/CMSIS/Include/cmsis_gcc.h **** /**
 368:Drivers/CMSIS/Include/cmsis_gcc.h ****   \brief   Reverse bit order of value
 369:Drivers/CMSIS/Include/cmsis_gcc.h ****   \details Reverses the bit order of the given value.
 370:Drivers/CMSIS/Include/cmsis_gcc.h ****   \param [in]    value  Value to reverse
 371:Drivers/CMSIS/Include/cmsis_gcc.h ****   \return               Reversed value
 372:Drivers/CMSIS/Include/cmsis_gcc.h ****  */
 373:Drivers/CMSIS/Include/cmsis_gcc.h **** __STATIC_FORCEINLINE uint32_t __RBIT(uint32_t value)
 374:Drivers/CMSIS/Include/cmsis_gcc.h **** {
 375:Drivers/CMSIS/Include/cmsis_gcc.h ****   uint32_t result;
 376:Drivers/CMSIS/Include/cmsis_gcc.h **** 
 377:Drivers/CMSIS/Include/cmsis_gcc.h **** #if ((defined (__ARM_ARCH_7M__      ) && (__ARM_ARCH_7M__      == 1)) || \
 378:Drivers/CMSIS/Include/cmsis_gcc.h ****      (defined (__ARM_ARCH_7EM__     ) && (__ARM_ARCH_7EM__     == 1)) || \
 379:Drivers/CMSIS/Include/cmsis_gcc.h ****      (defined (__ARM_ARCH_8M_MAIN__ ) && (__ARM_ARCH_8M_MAIN__ == 1))    )
 380:Drivers/CMSIS/Include/cmsis_gcc.h ****    __ASM ("rbit %0, %1" : "=r" (result) : "r" (value) );
 381:Drivers/CMSIS/Include/cmsis_gcc.h **** #else
 382:Drivers/CMSIS/Include/cmsis_gcc.h ****   uint32_t s = (4U /*sizeof(v)*/ * 8U) - 1U; /* extra shift needed at end */
 383:Drivers/CMSIS/Include/cmsis_gcc.h **** 
 384:Drivers/CMSIS/Include/cmsis_gcc.h ****   result = value;                      /* r will be reversed bits of v; first get LSB of v */
 385:Drivers/CMSIS/Include/cmsis_gcc.h ****   for (value >>= 1U; value != 0U; value >>= 1U)
 386:Drivers/CMSIS/Include/cmsis_gcc.h ****   {
 387:Drivers/CMSIS/Include/cmsis_gcc.h ****     result <<= 1U;
 388:Drivers/CMSIS/Include/cmsis_gcc.h ****     result |= value & 1U;
 389:Drivers/CMSIS/Include/cmsis_gcc.h ****     s--;
 390:Drivers/CMSIS/Include/cmsis_gcc.h ****   }
 391:Drivers/CMSIS/Include/cmsis_gcc.h ****   result <<= s;                        /* shift when v's highest bits are zero */
 392:Drivers/CMSIS/Include/cmsis_gcc.h **** #endif
 393:Drivers/CMSIS/Include/cmsis_gcc.h ****   return result;
 394:Drivers/CMSIS/Include/cmsis_gcc.h **** }
 395:Drivers/CMSIS/Include/cmsis_gcc.h **** 
 396:Drivers/CMSIS/Include/cmsis_gcc.h **** 
 397:Drivers/CMSIS/Include/cmsis_gcc.h **** /**
 398:Drivers/CMSIS/Include/cmsis_gcc.h ****   \brief   Count leading zeros
 399:Drivers/CMSIS/Include/cmsis_gcc.h ****   \details Counts the number of leading zeros of a data value.
 400:Drivers/CMSIS/Include/cmsis_gcc.h ****   \param [in]  value  Value to count the leading zeros
 401:Drivers/CMSIS/Include/cmsis_gcc.h ****   \return             number of leading zeros in value
 402:Drivers/CMSIS/Include/cmsis_gcc.h ****  */
 403:Drivers/CMSIS/Include/cmsis_gcc.h **** __STATIC_FORCEINLINE uint8_t __CLZ(uint32_t value)
 404:Drivers/CMSIS/Include/cmsis_gcc.h **** {
 405:Drivers/CMSIS/Include/cmsis_gcc.h ****   /* Even though __builtin_clz produces a CLZ instruction on ARM, formally
 406:Drivers/CMSIS/Include/cmsis_gcc.h ****      __builtin_clz(0) is undefined behaviour, so handle this case specially.
 407:Drivers/CMSIS/Include/cmsis_gcc.h ****      This guarantees ARM-compatible results if happening to compile on a non-ARM
 408:Drivers/CMSIS/Include/cmsis_gcc.h ****      target, and ensures the compiler doesn't decide to activate any
 409:Drivers/CMSIS/Include/cmsis_gcc.h ****      optimisations using the logic "value was passed to __builtin_clz, so it
 410:Drivers/CMSIS/Include/cmsis_gcc.h ****      is non-zero".
 411:Drivers/CMSIS/Include/cmsis_gcc.h ****      ARM GCC 7.3 and possibly earlier will optimise this test away, leaving a
 412:Drivers/CMSIS/Include/cmsis_gcc.h ****      single CLZ instruction.
 413:Drivers/CMSIS/Include/cmsis_gcc.h ****    */
ARM GAS  C:\Users\CuongLe\AppData\Local\Temp\cca9pI0g.s 			page 22


 414:Drivers/CMSIS/Include/cmsis_gcc.h ****   if (value == 0U)
 415:Drivers/CMSIS/Include/cmsis_gcc.h ****   {
 416:Drivers/CMSIS/Include/cmsis_gcc.h ****     return 32U;
 417:Drivers/CMSIS/Include/cmsis_gcc.h ****   }
 418:Drivers/CMSIS/Include/cmsis_gcc.h ****   return __builtin_clz(value);
 419:Drivers/CMSIS/Include/cmsis_gcc.h **** }
 420:Drivers/CMSIS/Include/cmsis_gcc.h **** 
 421:Drivers/CMSIS/Include/cmsis_gcc.h **** 
 422:Drivers/CMSIS/Include/cmsis_gcc.h **** #if ((defined (__ARM_ARCH_7M__      ) && (__ARM_ARCH_7M__      == 1)) || \
 423:Drivers/CMSIS/Include/cmsis_gcc.h ****      (defined (__ARM_ARCH_7EM__     ) && (__ARM_ARCH_7EM__     == 1)) || \
 424:Drivers/CMSIS/Include/cmsis_gcc.h ****      (defined (__ARM_ARCH_8M_MAIN__ ) && (__ARM_ARCH_8M_MAIN__ == 1)) || \
 425:Drivers/CMSIS/Include/cmsis_gcc.h ****      (defined (__ARM_ARCH_8M_BASE__ ) && (__ARM_ARCH_8M_BASE__ == 1))    )
 426:Drivers/CMSIS/Include/cmsis_gcc.h **** /**
 427:Drivers/CMSIS/Include/cmsis_gcc.h ****   \brief   LDR Exclusive (8 bit)
 428:Drivers/CMSIS/Include/cmsis_gcc.h ****   \details Executes a exclusive LDR instruction for 8 bit value.
 429:Drivers/CMSIS/Include/cmsis_gcc.h ****   \param [in]    ptr  Pointer to data
 430:Drivers/CMSIS/Include/cmsis_gcc.h ****   \return             value of type uint8_t at (*ptr)
 431:Drivers/CMSIS/Include/cmsis_gcc.h ****  */
 432:Drivers/CMSIS/Include/cmsis_gcc.h **** __STATIC_FORCEINLINE uint8_t __LDREXB(volatile uint8_t *addr)
 433:Drivers/CMSIS/Include/cmsis_gcc.h **** {
 434:Drivers/CMSIS/Include/cmsis_gcc.h ****     uint32_t result;
 435:Drivers/CMSIS/Include/cmsis_gcc.h **** 
 436:Drivers/CMSIS/Include/cmsis_gcc.h **** #if (__GNUC__ > 4) || (__GNUC__ == 4 && __GNUC_MINOR__ >= 8)
 437:Drivers/CMSIS/Include/cmsis_gcc.h ****    __ASM volatile ("ldrexb %0, %1" : "=r" (result) : "Q" (*addr) );
 438:Drivers/CMSIS/Include/cmsis_gcc.h **** #else
 439:Drivers/CMSIS/Include/cmsis_gcc.h ****     /* Prior to GCC 4.8, "Q" will be expanded to [rx, #0] which is not
 440:Drivers/CMSIS/Include/cmsis_gcc.h ****        accepted by assembler. So has to use following less efficient pattern.
 441:Drivers/CMSIS/Include/cmsis_gcc.h ****     */
 442:Drivers/CMSIS/Include/cmsis_gcc.h ****    __ASM volatile ("ldrexb %0, [%1]" : "=r" (result) : "r" (addr) : "memory" );
 443:Drivers/CMSIS/Include/cmsis_gcc.h **** #endif
 444:Drivers/CMSIS/Include/cmsis_gcc.h ****    return ((uint8_t) result);    /* Add explicit type cast here */
 445:Drivers/CMSIS/Include/cmsis_gcc.h **** }
 446:Drivers/CMSIS/Include/cmsis_gcc.h **** 
 447:Drivers/CMSIS/Include/cmsis_gcc.h **** 
 448:Drivers/CMSIS/Include/cmsis_gcc.h **** /**
 449:Drivers/CMSIS/Include/cmsis_gcc.h ****   \brief   LDR Exclusive (16 bit)
 450:Drivers/CMSIS/Include/cmsis_gcc.h ****   \details Executes a exclusive LDR instruction for 16 bit values.
 451:Drivers/CMSIS/Include/cmsis_gcc.h ****   \param [in]    ptr  Pointer to data
 452:Drivers/CMSIS/Include/cmsis_gcc.h ****   \return        value of type uint16_t at (*ptr)
 453:Drivers/CMSIS/Include/cmsis_gcc.h ****  */
 454:Drivers/CMSIS/Include/cmsis_gcc.h **** __STATIC_FORCEINLINE uint16_t __LDREXH(volatile uint16_t *addr)
 455:Drivers/CMSIS/Include/cmsis_gcc.h **** {
 456:Drivers/CMSIS/Include/cmsis_gcc.h ****     uint32_t result;
 457:Drivers/CMSIS/Include/cmsis_gcc.h **** 
 458:Drivers/CMSIS/Include/cmsis_gcc.h **** #if (__GNUC__ > 4) || (__GNUC__ == 4 && __GNUC_MINOR__ >= 8)
 459:Drivers/CMSIS/Include/cmsis_gcc.h ****    __ASM volatile ("ldrexh %0, %1" : "=r" (result) : "Q" (*addr) );
 460:Drivers/CMSIS/Include/cmsis_gcc.h **** #else
 461:Drivers/CMSIS/Include/cmsis_gcc.h ****     /* Prior to GCC 4.8, "Q" will be expanded to [rx, #0] which is not
 462:Drivers/CMSIS/Include/cmsis_gcc.h ****        accepted by assembler. So has to use following less efficient pattern.
 463:Drivers/CMSIS/Include/cmsis_gcc.h ****     */
 464:Drivers/CMSIS/Include/cmsis_gcc.h ****    __ASM volatile ("ldrexh %0, [%1]" : "=r" (result) : "r" (addr) : "memory" );
 465:Drivers/CMSIS/Include/cmsis_gcc.h **** #endif
 466:Drivers/CMSIS/Include/cmsis_gcc.h ****    return ((uint16_t) result);    /* Add explicit type cast here */
 467:Drivers/CMSIS/Include/cmsis_gcc.h **** }
 468:Drivers/CMSIS/Include/cmsis_gcc.h **** 
 469:Drivers/CMSIS/Include/cmsis_gcc.h **** 
 470:Drivers/CMSIS/Include/cmsis_gcc.h **** /**
ARM GAS  C:\Users\CuongLe\AppData\Local\Temp\cca9pI0g.s 			page 23


 471:Drivers/CMSIS/Include/cmsis_gcc.h ****   \brief   LDR Exclusive (32 bit)
 472:Drivers/CMSIS/Include/cmsis_gcc.h ****   \details Executes a exclusive LDR instruction for 32 bit values.
 473:Drivers/CMSIS/Include/cmsis_gcc.h ****   \param [in]    ptr  Pointer to data
 474:Drivers/CMSIS/Include/cmsis_gcc.h ****   \return        value of type uint32_t at (*ptr)
 475:Drivers/CMSIS/Include/cmsis_gcc.h ****  */
 476:Drivers/CMSIS/Include/cmsis_gcc.h **** __STATIC_FORCEINLINE uint32_t __LDREXW(volatile uint32_t *addr)
 477:Drivers/CMSIS/Include/cmsis_gcc.h **** {
 478:Drivers/CMSIS/Include/cmsis_gcc.h ****     uint32_t result;
 479:Drivers/CMSIS/Include/cmsis_gcc.h **** 
 480:Drivers/CMSIS/Include/cmsis_gcc.h ****    __ASM volatile ("ldrex %0, %1" : "=r" (result) : "Q" (*addr) );
 481:Drivers/CMSIS/Include/cmsis_gcc.h ****    return(result);
 482:Drivers/CMSIS/Include/cmsis_gcc.h **** }
 483:Drivers/CMSIS/Include/cmsis_gcc.h **** 
 484:Drivers/CMSIS/Include/cmsis_gcc.h **** 
 485:Drivers/CMSIS/Include/cmsis_gcc.h **** /**
 486:Drivers/CMSIS/Include/cmsis_gcc.h ****   \brief   STR Exclusive (8 bit)
 487:Drivers/CMSIS/Include/cmsis_gcc.h ****   \details Executes a exclusive STR instruction for 8 bit values.
 488:Drivers/CMSIS/Include/cmsis_gcc.h ****   \param [in]  value  Value to store
 489:Drivers/CMSIS/Include/cmsis_gcc.h ****   \param [in]    ptr  Pointer to location
 490:Drivers/CMSIS/Include/cmsis_gcc.h ****   \return          0  Function succeeded
 491:Drivers/CMSIS/Include/cmsis_gcc.h ****   \return          1  Function failed
 492:Drivers/CMSIS/Include/cmsis_gcc.h ****  */
 493:Drivers/CMSIS/Include/cmsis_gcc.h **** __STATIC_FORCEINLINE uint32_t __STREXB(uint8_t value, volatile uint8_t *addr)
 494:Drivers/CMSIS/Include/cmsis_gcc.h **** {
 495:Drivers/CMSIS/Include/cmsis_gcc.h ****    uint32_t result;
 496:Drivers/CMSIS/Include/cmsis_gcc.h **** 
 497:Drivers/CMSIS/Include/cmsis_gcc.h ****    __ASM volatile ("strexb %0, %2, %1" : "=&r" (result), "=Q" (*addr) : "r" ((uint32_t)value) );
 498:Drivers/CMSIS/Include/cmsis_gcc.h ****    return(result);
 499:Drivers/CMSIS/Include/cmsis_gcc.h **** }
 500:Drivers/CMSIS/Include/cmsis_gcc.h **** 
 501:Drivers/CMSIS/Include/cmsis_gcc.h **** 
 502:Drivers/CMSIS/Include/cmsis_gcc.h **** /**
 503:Drivers/CMSIS/Include/cmsis_gcc.h ****   \brief   STR Exclusive (16 bit)
 504:Drivers/CMSIS/Include/cmsis_gcc.h ****   \details Executes a exclusive STR instruction for 16 bit values.
 505:Drivers/CMSIS/Include/cmsis_gcc.h ****   \param [in]  value  Value to store
 506:Drivers/CMSIS/Include/cmsis_gcc.h ****   \param [in]    ptr  Pointer to location
 507:Drivers/CMSIS/Include/cmsis_gcc.h ****   \return          0  Function succeeded
 508:Drivers/CMSIS/Include/cmsis_gcc.h ****   \return          1  Function failed
 509:Drivers/CMSIS/Include/cmsis_gcc.h ****  */
 510:Drivers/CMSIS/Include/cmsis_gcc.h **** __STATIC_FORCEINLINE uint32_t __STREXH(uint16_t value, volatile uint16_t *addr)
 511:Drivers/CMSIS/Include/cmsis_gcc.h **** {
 512:Drivers/CMSIS/Include/cmsis_gcc.h ****    uint32_t result;
 513:Drivers/CMSIS/Include/cmsis_gcc.h **** 
 514:Drivers/CMSIS/Include/cmsis_gcc.h ****    __ASM volatile ("strexh %0, %2, %1" : "=&r" (result), "=Q" (*addr) : "r" ((uint32_t)value) );
 515:Drivers/CMSIS/Include/cmsis_gcc.h ****    return(result);
 516:Drivers/CMSIS/Include/cmsis_gcc.h **** }
 517:Drivers/CMSIS/Include/cmsis_gcc.h **** 
 518:Drivers/CMSIS/Include/cmsis_gcc.h **** 
 519:Drivers/CMSIS/Include/cmsis_gcc.h **** /**
 520:Drivers/CMSIS/Include/cmsis_gcc.h ****   \brief   STR Exclusive (32 bit)
 521:Drivers/CMSIS/Include/cmsis_gcc.h ****   \details Executes a exclusive STR instruction for 32 bit values.
 522:Drivers/CMSIS/Include/cmsis_gcc.h ****   \param [in]  value  Value to store
 523:Drivers/CMSIS/Include/cmsis_gcc.h ****   \param [in]    ptr  Pointer to location
 524:Drivers/CMSIS/Include/cmsis_gcc.h ****   \return          0  Function succeeded
 525:Drivers/CMSIS/Include/cmsis_gcc.h ****   \return          1  Function failed
 526:Drivers/CMSIS/Include/cmsis_gcc.h ****  */
 527:Drivers/CMSIS/Include/cmsis_gcc.h **** __STATIC_FORCEINLINE uint32_t __STREXW(uint32_t value, volatile uint32_t *addr)
ARM GAS  C:\Users\CuongLe\AppData\Local\Temp\cca9pI0g.s 			page 24


 528:Drivers/CMSIS/Include/cmsis_gcc.h **** {
 529:Drivers/CMSIS/Include/cmsis_gcc.h ****    uint32_t result;
 530:Drivers/CMSIS/Include/cmsis_gcc.h **** 
 531:Drivers/CMSIS/Include/cmsis_gcc.h ****    __ASM volatile ("strex %0, %2, %1" : "=&r" (result), "=Q" (*addr) : "r" (value) );
 532:Drivers/CMSIS/Include/cmsis_gcc.h ****    return(result);
 533:Drivers/CMSIS/Include/cmsis_gcc.h **** }
 534:Drivers/CMSIS/Include/cmsis_gcc.h **** 
 535:Drivers/CMSIS/Include/cmsis_gcc.h **** 
 536:Drivers/CMSIS/Include/cmsis_gcc.h **** /**
 537:Drivers/CMSIS/Include/cmsis_gcc.h ****   \brief   Remove the exclusive lock
 538:Drivers/CMSIS/Include/cmsis_gcc.h ****   \details Removes the exclusive lock which is created by LDREX.
 539:Drivers/CMSIS/Include/cmsis_gcc.h ****  */
 540:Drivers/CMSIS/Include/cmsis_gcc.h **** __STATIC_FORCEINLINE void __CLREX(void)
 541:Drivers/CMSIS/Include/cmsis_gcc.h **** {
 542:Drivers/CMSIS/Include/cmsis_gcc.h ****   __ASM volatile ("clrex" ::: "memory");
 543:Drivers/CMSIS/Include/cmsis_gcc.h **** }
 544:Drivers/CMSIS/Include/cmsis_gcc.h **** 
 545:Drivers/CMSIS/Include/cmsis_gcc.h **** #endif /* ((defined (__ARM_ARCH_7M__      ) && (__ARM_ARCH_7M__      == 1)) || \
 546:Drivers/CMSIS/Include/cmsis_gcc.h ****            (defined (__ARM_ARCH_7EM__     ) && (__ARM_ARCH_7EM__     == 1)) || \
 547:Drivers/CMSIS/Include/cmsis_gcc.h ****            (defined (__ARM_ARCH_8M_MAIN__ ) && (__ARM_ARCH_8M_MAIN__ == 1)) || \
 548:Drivers/CMSIS/Include/cmsis_gcc.h ****            (defined (__ARM_ARCH_8M_BASE__ ) && (__ARM_ARCH_8M_BASE__ == 1))    ) */
 549:Drivers/CMSIS/Include/cmsis_gcc.h **** 
 550:Drivers/CMSIS/Include/cmsis_gcc.h **** 
 551:Drivers/CMSIS/Include/cmsis_gcc.h **** #if ((defined (__ARM_ARCH_7M__      ) && (__ARM_ARCH_7M__      == 1)) || \
 552:Drivers/CMSIS/Include/cmsis_gcc.h ****      (defined (__ARM_ARCH_7EM__     ) && (__ARM_ARCH_7EM__     == 1)) || \
 553:Drivers/CMSIS/Include/cmsis_gcc.h ****      (defined (__ARM_ARCH_8M_MAIN__ ) && (__ARM_ARCH_8M_MAIN__ == 1))    )
 554:Drivers/CMSIS/Include/cmsis_gcc.h **** /**
 555:Drivers/CMSIS/Include/cmsis_gcc.h ****   \brief   Signed Saturate
 556:Drivers/CMSIS/Include/cmsis_gcc.h ****   \details Saturates a signed value.
 557:Drivers/CMSIS/Include/cmsis_gcc.h ****   \param [in]  ARG1  Value to be saturated
 558:Drivers/CMSIS/Include/cmsis_gcc.h ****   \param [in]  ARG2  Bit position to saturate to (1..32)
 559:Drivers/CMSIS/Include/cmsis_gcc.h ****   \return             Saturated value
 560:Drivers/CMSIS/Include/cmsis_gcc.h ****  */
 561:Drivers/CMSIS/Include/cmsis_gcc.h **** #define __SSAT(ARG1, ARG2) \
 562:Drivers/CMSIS/Include/cmsis_gcc.h **** __extension__ \
 563:Drivers/CMSIS/Include/cmsis_gcc.h **** ({                          \
 564:Drivers/CMSIS/Include/cmsis_gcc.h ****   int32_t __RES, __ARG1 = (ARG1); \
 565:Drivers/CMSIS/Include/cmsis_gcc.h ****   __ASM volatile ("ssat %0, %1, %2" : "=r" (__RES) :  "I" (ARG2), "r" (__ARG1) : "cc" ); \
 566:Drivers/CMSIS/Include/cmsis_gcc.h ****   __RES; \
 567:Drivers/CMSIS/Include/cmsis_gcc.h ****  })
 568:Drivers/CMSIS/Include/cmsis_gcc.h **** 
 569:Drivers/CMSIS/Include/cmsis_gcc.h **** 
 570:Drivers/CMSIS/Include/cmsis_gcc.h **** /**
 571:Drivers/CMSIS/Include/cmsis_gcc.h ****   \brief   Unsigned Saturate
 572:Drivers/CMSIS/Include/cmsis_gcc.h ****   \details Saturates an unsigned value.
 573:Drivers/CMSIS/Include/cmsis_gcc.h ****   \param [in]  ARG1  Value to be saturated
 574:Drivers/CMSIS/Include/cmsis_gcc.h ****   \param [in]  ARG2  Bit position to saturate to (0..31)
 575:Drivers/CMSIS/Include/cmsis_gcc.h ****   \return             Saturated value
 576:Drivers/CMSIS/Include/cmsis_gcc.h ****  */
 577:Drivers/CMSIS/Include/cmsis_gcc.h **** #define __USAT(ARG1, ARG2) \
 578:Drivers/CMSIS/Include/cmsis_gcc.h **** __extension__ \
 579:Drivers/CMSIS/Include/cmsis_gcc.h **** ({                          \
 580:Drivers/CMSIS/Include/cmsis_gcc.h ****   uint32_t __RES, __ARG1 = (ARG1); \
 581:Drivers/CMSIS/Include/cmsis_gcc.h ****   __ASM volatile ("usat %0, %1, %2" : "=r" (__RES) :  "I" (ARG2), "r" (__ARG1) : "cc" ); \
 582:Drivers/CMSIS/Include/cmsis_gcc.h ****   __RES; \
 583:Drivers/CMSIS/Include/cmsis_gcc.h ****  })
 584:Drivers/CMSIS/Include/cmsis_gcc.h **** 
ARM GAS  C:\Users\CuongLe\AppData\Local\Temp\cca9pI0g.s 			page 25


 585:Drivers/CMSIS/Include/cmsis_gcc.h **** 
 586:Drivers/CMSIS/Include/cmsis_gcc.h **** /**
 587:Drivers/CMSIS/Include/cmsis_gcc.h ****   \brief   Rotate Right with Extend (32 bit)
 588:Drivers/CMSIS/Include/cmsis_gcc.h ****   \details Moves each bit of a bitstring right by one bit.
 589:Drivers/CMSIS/Include/cmsis_gcc.h ****            The carry input is shifted in at the left end of the bitstring.
 590:Drivers/CMSIS/Include/cmsis_gcc.h ****   \param [in]    value  Value to rotate
 591:Drivers/CMSIS/Include/cmsis_gcc.h ****   \return               Rotated value
 592:Drivers/CMSIS/Include/cmsis_gcc.h ****  */
 593:Drivers/CMSIS/Include/cmsis_gcc.h **** __STATIC_FORCEINLINE uint32_t __RRX(uint32_t value)
 594:Drivers/CMSIS/Include/cmsis_gcc.h **** {
 595:Drivers/CMSIS/Include/cmsis_gcc.h ****   uint32_t result;
 596:Drivers/CMSIS/Include/cmsis_gcc.h **** 
 597:Drivers/CMSIS/Include/cmsis_gcc.h ****   __ASM volatile ("rrx %0, %1" : __CMSIS_GCC_OUT_REG (result) : __CMSIS_GCC_USE_REG (value) );
 598:Drivers/CMSIS/Include/cmsis_gcc.h ****   return(result);
 599:Drivers/CMSIS/Include/cmsis_gcc.h **** }
 600:Drivers/CMSIS/Include/cmsis_gcc.h **** 
 601:Drivers/CMSIS/Include/cmsis_gcc.h **** 
 602:Drivers/CMSIS/Include/cmsis_gcc.h **** /**
 603:Drivers/CMSIS/Include/cmsis_gcc.h ****   \brief   LDRT Unprivileged (8 bit)
 604:Drivers/CMSIS/Include/cmsis_gcc.h ****   \details Executes a Unprivileged LDRT instruction for 8 bit value.
 605:Drivers/CMSIS/Include/cmsis_gcc.h ****   \param [in]    ptr  Pointer to data
 606:Drivers/CMSIS/Include/cmsis_gcc.h ****   \return             value of type uint8_t at (*ptr)
 607:Drivers/CMSIS/Include/cmsis_gcc.h ****  */
 608:Drivers/CMSIS/Include/cmsis_gcc.h **** __STATIC_FORCEINLINE uint8_t __LDRBT(volatile uint8_t *ptr)
 609:Drivers/CMSIS/Include/cmsis_gcc.h **** {
 610:Drivers/CMSIS/Include/cmsis_gcc.h ****     uint32_t result;
 611:Drivers/CMSIS/Include/cmsis_gcc.h **** 
 612:Drivers/CMSIS/Include/cmsis_gcc.h **** #if (__GNUC__ > 4) || (__GNUC__ == 4 && __GNUC_MINOR__ >= 8)
 613:Drivers/CMSIS/Include/cmsis_gcc.h ****    __ASM volatile ("ldrbt %0, %1" : "=r" (result) : "Q" (*ptr) );
 614:Drivers/CMSIS/Include/cmsis_gcc.h **** #else
 615:Drivers/CMSIS/Include/cmsis_gcc.h ****     /* Prior to GCC 4.8, "Q" will be expanded to [rx, #0] which is not
 616:Drivers/CMSIS/Include/cmsis_gcc.h ****        accepted by assembler. So has to use following less efficient pattern.
 617:Drivers/CMSIS/Include/cmsis_gcc.h ****     */
 618:Drivers/CMSIS/Include/cmsis_gcc.h ****    __ASM volatile ("ldrbt %0, [%1]" : "=r" (result) : "r" (ptr) : "memory" );
 619:Drivers/CMSIS/Include/cmsis_gcc.h **** #endif
 620:Drivers/CMSIS/Include/cmsis_gcc.h ****    return ((uint8_t) result);    /* Add explicit type cast here */
 621:Drivers/CMSIS/Include/cmsis_gcc.h **** }
 622:Drivers/CMSIS/Include/cmsis_gcc.h **** 
 623:Drivers/CMSIS/Include/cmsis_gcc.h **** 
 624:Drivers/CMSIS/Include/cmsis_gcc.h **** /**
 625:Drivers/CMSIS/Include/cmsis_gcc.h ****   \brief   LDRT Unprivileged (16 bit)
 626:Drivers/CMSIS/Include/cmsis_gcc.h ****   \details Executes a Unprivileged LDRT instruction for 16 bit values.
 627:Drivers/CMSIS/Include/cmsis_gcc.h ****   \param [in]    ptr  Pointer to data
 628:Drivers/CMSIS/Include/cmsis_gcc.h ****   \return        value of type uint16_t at (*ptr)
 629:Drivers/CMSIS/Include/cmsis_gcc.h ****  */
 630:Drivers/CMSIS/Include/cmsis_gcc.h **** __STATIC_FORCEINLINE uint16_t __LDRHT(volatile uint16_t *ptr)
 631:Drivers/CMSIS/Include/cmsis_gcc.h **** {
 632:Drivers/CMSIS/Include/cmsis_gcc.h ****     uint32_t result;
 633:Drivers/CMSIS/Include/cmsis_gcc.h **** 
 634:Drivers/CMSIS/Include/cmsis_gcc.h **** #if (__GNUC__ > 4) || (__GNUC__ == 4 && __GNUC_MINOR__ >= 8)
 635:Drivers/CMSIS/Include/cmsis_gcc.h ****    __ASM volatile ("ldrht %0, %1" : "=r" (result) : "Q" (*ptr) );
 636:Drivers/CMSIS/Include/cmsis_gcc.h **** #else
 637:Drivers/CMSIS/Include/cmsis_gcc.h ****     /* Prior to GCC 4.8, "Q" will be expanded to [rx, #0] which is not
 638:Drivers/CMSIS/Include/cmsis_gcc.h ****        accepted by assembler. So has to use following less efficient pattern.
 639:Drivers/CMSIS/Include/cmsis_gcc.h ****     */
 640:Drivers/CMSIS/Include/cmsis_gcc.h ****    __ASM volatile ("ldrht %0, [%1]" : "=r" (result) : "r" (ptr) : "memory" );
 641:Drivers/CMSIS/Include/cmsis_gcc.h **** #endif
ARM GAS  C:\Users\CuongLe\AppData\Local\Temp\cca9pI0g.s 			page 26


 642:Drivers/CMSIS/Include/cmsis_gcc.h ****    return ((uint16_t) result);    /* Add explicit type cast here */
 643:Drivers/CMSIS/Include/cmsis_gcc.h **** }
 644:Drivers/CMSIS/Include/cmsis_gcc.h **** 
 645:Drivers/CMSIS/Include/cmsis_gcc.h **** 
 646:Drivers/CMSIS/Include/cmsis_gcc.h **** /**
 647:Drivers/CMSIS/Include/cmsis_gcc.h ****   \brief   LDRT Unprivileged (32 bit)
 648:Drivers/CMSIS/Include/cmsis_gcc.h ****   \details Executes a Unprivileged LDRT instruction for 32 bit values.
 649:Drivers/CMSIS/Include/cmsis_gcc.h ****   \param [in]    ptr  Pointer to data
 650:Drivers/CMSIS/Include/cmsis_gcc.h ****   \return        value of type uint32_t at (*ptr)
 651:Drivers/CMSIS/Include/cmsis_gcc.h ****  */
 652:Drivers/CMSIS/Include/cmsis_gcc.h **** __STATIC_FORCEINLINE uint32_t __LDRT(volatile uint32_t *ptr)
 653:Drivers/CMSIS/Include/cmsis_gcc.h **** {
 654:Drivers/CMSIS/Include/cmsis_gcc.h ****     uint32_t result;
 655:Drivers/CMSIS/Include/cmsis_gcc.h **** 
 656:Drivers/CMSIS/Include/cmsis_gcc.h ****    __ASM volatile ("ldrt %0, %1" : "=r" (result) : "Q" (*ptr) );
 657:Drivers/CMSIS/Include/cmsis_gcc.h ****    return(result);
 658:Drivers/CMSIS/Include/cmsis_gcc.h **** }
 659:Drivers/CMSIS/Include/cmsis_gcc.h **** 
 660:Drivers/CMSIS/Include/cmsis_gcc.h **** 
 661:Drivers/CMSIS/Include/cmsis_gcc.h **** /**
 662:Drivers/CMSIS/Include/cmsis_gcc.h ****   \brief   STRT Unprivileged (8 bit)
 663:Drivers/CMSIS/Include/cmsis_gcc.h ****   \details Executes a Unprivileged STRT instruction for 8 bit values.
 664:Drivers/CMSIS/Include/cmsis_gcc.h ****   \param [in]  value  Value to store
 665:Drivers/CMSIS/Include/cmsis_gcc.h ****   \param [in]    ptr  Pointer to location
 666:Drivers/CMSIS/Include/cmsis_gcc.h ****  */
 667:Drivers/CMSIS/Include/cmsis_gcc.h **** __STATIC_FORCEINLINE void __STRBT(uint8_t value, volatile uint8_t *ptr)
 668:Drivers/CMSIS/Include/cmsis_gcc.h **** {
 669:Drivers/CMSIS/Include/cmsis_gcc.h ****    __ASM volatile ("strbt %1, %0" : "=Q" (*ptr) : "r" ((uint32_t)value) );
 670:Drivers/CMSIS/Include/cmsis_gcc.h **** }
 671:Drivers/CMSIS/Include/cmsis_gcc.h **** 
 672:Drivers/CMSIS/Include/cmsis_gcc.h **** 
 673:Drivers/CMSIS/Include/cmsis_gcc.h **** /**
 674:Drivers/CMSIS/Include/cmsis_gcc.h ****   \brief   STRT Unprivileged (16 bit)
 675:Drivers/CMSIS/Include/cmsis_gcc.h ****   \details Executes a Unprivileged STRT instruction for 16 bit values.
 676:Drivers/CMSIS/Include/cmsis_gcc.h ****   \param [in]  value  Value to store
 677:Drivers/CMSIS/Include/cmsis_gcc.h ****   \param [in]    ptr  Pointer to location
 678:Drivers/CMSIS/Include/cmsis_gcc.h ****  */
 679:Drivers/CMSIS/Include/cmsis_gcc.h **** __STATIC_FORCEINLINE void __STRHT(uint16_t value, volatile uint16_t *ptr)
 680:Drivers/CMSIS/Include/cmsis_gcc.h **** {
 681:Drivers/CMSIS/Include/cmsis_gcc.h ****    __ASM volatile ("strht %1, %0" : "=Q" (*ptr) : "r" ((uint32_t)value) );
 682:Drivers/CMSIS/Include/cmsis_gcc.h **** }
 683:Drivers/CMSIS/Include/cmsis_gcc.h **** 
 684:Drivers/CMSIS/Include/cmsis_gcc.h **** 
 685:Drivers/CMSIS/Include/cmsis_gcc.h **** /**
 686:Drivers/CMSIS/Include/cmsis_gcc.h ****   \brief   STRT Unprivileged (32 bit)
 687:Drivers/CMSIS/Include/cmsis_gcc.h ****   \details Executes a Unprivileged STRT instruction for 32 bit values.
 688:Drivers/CMSIS/Include/cmsis_gcc.h ****   \param [in]  value  Value to store
 689:Drivers/CMSIS/Include/cmsis_gcc.h ****   \param [in]    ptr  Pointer to location
 690:Drivers/CMSIS/Include/cmsis_gcc.h ****  */
 691:Drivers/CMSIS/Include/cmsis_gcc.h **** __STATIC_FORCEINLINE void __STRT(uint32_t value, volatile uint32_t *ptr)
 692:Drivers/CMSIS/Include/cmsis_gcc.h **** {
 693:Drivers/CMSIS/Include/cmsis_gcc.h ****    __ASM volatile ("strt %1, %0" : "=Q" (*ptr) : "r" (value) );
 694:Drivers/CMSIS/Include/cmsis_gcc.h **** }
 695:Drivers/CMSIS/Include/cmsis_gcc.h **** 
 696:Drivers/CMSIS/Include/cmsis_gcc.h **** #else  /* ((defined (__ARM_ARCH_7M__      ) && (__ARM_ARCH_7M__      == 1)) || \
 697:Drivers/CMSIS/Include/cmsis_gcc.h ****            (defined (__ARM_ARCH_7EM__     ) && (__ARM_ARCH_7EM__     == 1)) || \
 698:Drivers/CMSIS/Include/cmsis_gcc.h ****            (defined (__ARM_ARCH_8M_MAIN__ ) && (__ARM_ARCH_8M_MAIN__ == 1))    ) */
ARM GAS  C:\Users\CuongLe\AppData\Local\Temp\cca9pI0g.s 			page 27


 699:Drivers/CMSIS/Include/cmsis_gcc.h **** 
 700:Drivers/CMSIS/Include/cmsis_gcc.h **** /**
 701:Drivers/CMSIS/Include/cmsis_gcc.h ****   \brief   Signed Saturate
 702:Drivers/CMSIS/Include/cmsis_gcc.h ****   \details Saturates a signed value.
 703:Drivers/CMSIS/Include/cmsis_gcc.h ****   \param [in]  value  Value to be saturated
 704:Drivers/CMSIS/Include/cmsis_gcc.h ****   \param [in]    sat  Bit position to saturate to (1..32)
 705:Drivers/CMSIS/Include/cmsis_gcc.h ****   \return             Saturated value
 706:Drivers/CMSIS/Include/cmsis_gcc.h ****  */
 707:Drivers/CMSIS/Include/cmsis_gcc.h **** __STATIC_FORCEINLINE int32_t __SSAT(int32_t val, uint32_t sat)
 708:Drivers/CMSIS/Include/cmsis_gcc.h **** {
 709:Drivers/CMSIS/Include/cmsis_gcc.h ****   if ((sat >= 1U) && (sat <= 32U))
 710:Drivers/CMSIS/Include/cmsis_gcc.h ****   {
 711:Drivers/CMSIS/Include/cmsis_gcc.h ****     const int32_t max = (int32_t)((1U << (sat - 1U)) - 1U);
 712:Drivers/CMSIS/Include/cmsis_gcc.h ****     const int32_t min = -1 - max ;
 713:Drivers/CMSIS/Include/cmsis_gcc.h ****     if (val > max)
 714:Drivers/CMSIS/Include/cmsis_gcc.h ****     {
 715:Drivers/CMSIS/Include/cmsis_gcc.h ****       return max;
 716:Drivers/CMSIS/Include/cmsis_gcc.h ****     }
 717:Drivers/CMSIS/Include/cmsis_gcc.h ****     else if (val < min)
 718:Drivers/CMSIS/Include/cmsis_gcc.h ****     {
 719:Drivers/CMSIS/Include/cmsis_gcc.h ****       return min;
 720:Drivers/CMSIS/Include/cmsis_gcc.h ****     }
 721:Drivers/CMSIS/Include/cmsis_gcc.h ****   }
 722:Drivers/CMSIS/Include/cmsis_gcc.h ****   return val;
 723:Drivers/CMSIS/Include/cmsis_gcc.h **** }
 724:Drivers/CMSIS/Include/cmsis_gcc.h **** 
 725:Drivers/CMSIS/Include/cmsis_gcc.h **** /**
 726:Drivers/CMSIS/Include/cmsis_gcc.h ****   \brief   Unsigned Saturate
 727:Drivers/CMSIS/Include/cmsis_gcc.h ****   \details Saturates an unsigned value.
 728:Drivers/CMSIS/Include/cmsis_gcc.h ****   \param [in]  value  Value to be saturated
 729:Drivers/CMSIS/Include/cmsis_gcc.h ****   \param [in]    sat  Bit position to saturate to (0..31)
 730:Drivers/CMSIS/Include/cmsis_gcc.h ****   \return             Saturated value
 731:Drivers/CMSIS/Include/cmsis_gcc.h ****  */
 732:Drivers/CMSIS/Include/cmsis_gcc.h **** __STATIC_FORCEINLINE uint32_t __USAT(int32_t val, uint32_t sat)
 733:Drivers/CMSIS/Include/cmsis_gcc.h **** {
 734:Drivers/CMSIS/Include/cmsis_gcc.h ****   if (sat <= 31U)
 735:Drivers/CMSIS/Include/cmsis_gcc.h ****   {
 736:Drivers/CMSIS/Include/cmsis_gcc.h ****     const uint32_t max = ((1U << sat) - 1U);
 737:Drivers/CMSIS/Include/cmsis_gcc.h ****     if (val > (int32_t)max)
 738:Drivers/CMSIS/Include/cmsis_gcc.h ****     {
 739:Drivers/CMSIS/Include/cmsis_gcc.h ****       return max;
 740:Drivers/CMSIS/Include/cmsis_gcc.h ****     }
 741:Drivers/CMSIS/Include/cmsis_gcc.h ****     else if (val < 0)
 742:Drivers/CMSIS/Include/cmsis_gcc.h ****     {
 743:Drivers/CMSIS/Include/cmsis_gcc.h ****       return 0U;
 744:Drivers/CMSIS/Include/cmsis_gcc.h ****     }
 745:Drivers/CMSIS/Include/cmsis_gcc.h ****   }
 746:Drivers/CMSIS/Include/cmsis_gcc.h ****   return (uint32_t)val;
 747:Drivers/CMSIS/Include/cmsis_gcc.h **** }
 748:Drivers/CMSIS/Include/cmsis_gcc.h **** 
 749:Drivers/CMSIS/Include/cmsis_gcc.h **** #endif /* ((defined (__ARM_ARCH_7M__      ) && (__ARM_ARCH_7M__      == 1)) || \
 750:Drivers/CMSIS/Include/cmsis_gcc.h ****            (defined (__ARM_ARCH_7EM__     ) && (__ARM_ARCH_7EM__     == 1)) || \
 751:Drivers/CMSIS/Include/cmsis_gcc.h ****            (defined (__ARM_ARCH_8M_MAIN__ ) && (__ARM_ARCH_8M_MAIN__ == 1))    ) */
 752:Drivers/CMSIS/Include/cmsis_gcc.h **** 
 753:Drivers/CMSIS/Include/cmsis_gcc.h **** 
 754:Drivers/CMSIS/Include/cmsis_gcc.h **** #if ((defined (__ARM_ARCH_8M_MAIN__ ) && (__ARM_ARCH_8M_MAIN__ == 1)) || \
 755:Drivers/CMSIS/Include/cmsis_gcc.h ****      (defined (__ARM_ARCH_8M_BASE__ ) && (__ARM_ARCH_8M_BASE__ == 1))    )
ARM GAS  C:\Users\CuongLe\AppData\Local\Temp\cca9pI0g.s 			page 28


 756:Drivers/CMSIS/Include/cmsis_gcc.h **** /**
 757:Drivers/CMSIS/Include/cmsis_gcc.h ****   \brief   Load-Acquire (8 bit)
 758:Drivers/CMSIS/Include/cmsis_gcc.h ****   \details Executes a LDAB instruction for 8 bit value.
 759:Drivers/CMSIS/Include/cmsis_gcc.h ****   \param [in]    ptr  Pointer to data
 760:Drivers/CMSIS/Include/cmsis_gcc.h ****   \return             value of type uint8_t at (*ptr)
 761:Drivers/CMSIS/Include/cmsis_gcc.h ****  */
 762:Drivers/CMSIS/Include/cmsis_gcc.h **** __STATIC_FORCEINLINE uint8_t __LDAB(volatile uint8_t *ptr)
 763:Drivers/CMSIS/Include/cmsis_gcc.h **** {
 764:Drivers/CMSIS/Include/cmsis_gcc.h ****     uint32_t result;
 765:Drivers/CMSIS/Include/cmsis_gcc.h **** 
 766:Drivers/CMSIS/Include/cmsis_gcc.h ****    __ASM volatile ("ldab %0, %1" : "=r" (result) : "Q" (*ptr) : "memory" );
 767:Drivers/CMSIS/Include/cmsis_gcc.h ****    return ((uint8_t) result);
 768:Drivers/CMSIS/Include/cmsis_gcc.h **** }
 769:Drivers/CMSIS/Include/cmsis_gcc.h **** 
 770:Drivers/CMSIS/Include/cmsis_gcc.h **** 
 771:Drivers/CMSIS/Include/cmsis_gcc.h **** /**
 772:Drivers/CMSIS/Include/cmsis_gcc.h ****   \brief   Load-Acquire (16 bit)
 773:Drivers/CMSIS/Include/cmsis_gcc.h ****   \details Executes a LDAH instruction for 16 bit values.
 774:Drivers/CMSIS/Include/cmsis_gcc.h ****   \param [in]    ptr  Pointer to data
 775:Drivers/CMSIS/Include/cmsis_gcc.h ****   \return        value of type uint16_t at (*ptr)
 776:Drivers/CMSIS/Include/cmsis_gcc.h ****  */
 777:Drivers/CMSIS/Include/cmsis_gcc.h **** __STATIC_FORCEINLINE uint16_t __LDAH(volatile uint16_t *ptr)
 778:Drivers/CMSIS/Include/cmsis_gcc.h **** {
 779:Drivers/CMSIS/Include/cmsis_gcc.h ****     uint32_t result;
 780:Drivers/CMSIS/Include/cmsis_gcc.h **** 
 781:Drivers/CMSIS/Include/cmsis_gcc.h ****    __ASM volatile ("ldah %0, %1" : "=r" (result) : "Q" (*ptr) : "memory" );
 782:Drivers/CMSIS/Include/cmsis_gcc.h ****    return ((uint16_t) result);
 783:Drivers/CMSIS/Include/cmsis_gcc.h **** }
 784:Drivers/CMSIS/Include/cmsis_gcc.h **** 
 785:Drivers/CMSIS/Include/cmsis_gcc.h **** 
 786:Drivers/CMSIS/Include/cmsis_gcc.h **** /**
 787:Drivers/CMSIS/Include/cmsis_gcc.h ****   \brief   Load-Acquire (32 bit)
 788:Drivers/CMSIS/Include/cmsis_gcc.h ****   \details Executes a LDA instruction for 32 bit values.
 789:Drivers/CMSIS/Include/cmsis_gcc.h ****   \param [in]    ptr  Pointer to data
 790:Drivers/CMSIS/Include/cmsis_gcc.h ****   \return        value of type uint32_t at (*ptr)
 791:Drivers/CMSIS/Include/cmsis_gcc.h ****  */
 792:Drivers/CMSIS/Include/cmsis_gcc.h **** __STATIC_FORCEINLINE uint32_t __LDA(volatile uint32_t *ptr)
 793:Drivers/CMSIS/Include/cmsis_gcc.h **** {
 794:Drivers/CMSIS/Include/cmsis_gcc.h ****     uint32_t result;
 795:Drivers/CMSIS/Include/cmsis_gcc.h **** 
 796:Drivers/CMSIS/Include/cmsis_gcc.h ****    __ASM volatile ("lda %0, %1" : "=r" (result) : "Q" (*ptr) : "memory" );
 797:Drivers/CMSIS/Include/cmsis_gcc.h ****    return(result);
 798:Drivers/CMSIS/Include/cmsis_gcc.h **** }
 799:Drivers/CMSIS/Include/cmsis_gcc.h **** 
 800:Drivers/CMSIS/Include/cmsis_gcc.h **** 
 801:Drivers/CMSIS/Include/cmsis_gcc.h **** /**
 802:Drivers/CMSIS/Include/cmsis_gcc.h ****   \brief   Store-Release (8 bit)
 803:Drivers/CMSIS/Include/cmsis_gcc.h ****   \details Executes a STLB instruction for 8 bit values.
 804:Drivers/CMSIS/Include/cmsis_gcc.h ****   \param [in]  value  Value to store
 805:Drivers/CMSIS/Include/cmsis_gcc.h ****   \param [in]    ptr  Pointer to location
 806:Drivers/CMSIS/Include/cmsis_gcc.h ****  */
 807:Drivers/CMSIS/Include/cmsis_gcc.h **** __STATIC_FORCEINLINE void __STLB(uint8_t value, volatile uint8_t *ptr)
 808:Drivers/CMSIS/Include/cmsis_gcc.h **** {
 809:Drivers/CMSIS/Include/cmsis_gcc.h ****    __ASM volatile ("stlb %1, %0" : "=Q" (*ptr) : "r" ((uint32_t)value) : "memory" );
 810:Drivers/CMSIS/Include/cmsis_gcc.h **** }
 811:Drivers/CMSIS/Include/cmsis_gcc.h **** 
 812:Drivers/CMSIS/Include/cmsis_gcc.h **** 
ARM GAS  C:\Users\CuongLe\AppData\Local\Temp\cca9pI0g.s 			page 29


 813:Drivers/CMSIS/Include/cmsis_gcc.h **** /**
 814:Drivers/CMSIS/Include/cmsis_gcc.h ****   \brief   Store-Release (16 bit)
 815:Drivers/CMSIS/Include/cmsis_gcc.h ****   \details Executes a STLH instruction for 16 bit values.
 816:Drivers/CMSIS/Include/cmsis_gcc.h ****   \param [in]  value  Value to store
 817:Drivers/CMSIS/Include/cmsis_gcc.h ****   \param [in]    ptr  Pointer to location
 818:Drivers/CMSIS/Include/cmsis_gcc.h ****  */
 819:Drivers/CMSIS/Include/cmsis_gcc.h **** __STATIC_FORCEINLINE void __STLH(uint16_t value, volatile uint16_t *ptr)
 820:Drivers/CMSIS/Include/cmsis_gcc.h **** {
 821:Drivers/CMSIS/Include/cmsis_gcc.h ****    __ASM volatile ("stlh %1, %0" : "=Q" (*ptr) : "r" ((uint32_t)value) : "memory" );
 822:Drivers/CMSIS/Include/cmsis_gcc.h **** }
 823:Drivers/CMSIS/Include/cmsis_gcc.h **** 
 824:Drivers/CMSIS/Include/cmsis_gcc.h **** 
 825:Drivers/CMSIS/Include/cmsis_gcc.h **** /**
 826:Drivers/CMSIS/Include/cmsis_gcc.h ****   \brief   Store-Release (32 bit)
 827:Drivers/CMSIS/Include/cmsis_gcc.h ****   \details Executes a STL instruction for 32 bit values.
 828:Drivers/CMSIS/Include/cmsis_gcc.h ****   \param [in]  value  Value to store
 829:Drivers/CMSIS/Include/cmsis_gcc.h ****   \param [in]    ptr  Pointer to location
 830:Drivers/CMSIS/Include/cmsis_gcc.h ****  */
 831:Drivers/CMSIS/Include/cmsis_gcc.h **** __STATIC_FORCEINLINE void __STL(uint32_t value, volatile uint32_t *ptr)
 832:Drivers/CMSIS/Include/cmsis_gcc.h **** {
 833:Drivers/CMSIS/Include/cmsis_gcc.h ****    __ASM volatile ("stl %1, %0" : "=Q" (*ptr) : "r" ((uint32_t)value) : "memory" );
 834:Drivers/CMSIS/Include/cmsis_gcc.h **** }
 835:Drivers/CMSIS/Include/cmsis_gcc.h **** 
 836:Drivers/CMSIS/Include/cmsis_gcc.h **** 
 837:Drivers/CMSIS/Include/cmsis_gcc.h **** /**
 838:Drivers/CMSIS/Include/cmsis_gcc.h ****   \brief   Load-Acquire Exclusive (8 bit)
 839:Drivers/CMSIS/Include/cmsis_gcc.h ****   \details Executes a LDAB exclusive instruction for 8 bit value.
 840:Drivers/CMSIS/Include/cmsis_gcc.h ****   \param [in]    ptr  Pointer to data
 841:Drivers/CMSIS/Include/cmsis_gcc.h ****   \return             value of type uint8_t at (*ptr)
 842:Drivers/CMSIS/Include/cmsis_gcc.h ****  */
 843:Drivers/CMSIS/Include/cmsis_gcc.h **** __STATIC_FORCEINLINE uint8_t __LDAEXB(volatile uint8_t *ptr)
 844:Drivers/CMSIS/Include/cmsis_gcc.h **** {
 845:Drivers/CMSIS/Include/cmsis_gcc.h ****     uint32_t result;
 846:Drivers/CMSIS/Include/cmsis_gcc.h **** 
 847:Drivers/CMSIS/Include/cmsis_gcc.h ****    __ASM volatile ("ldaexb %0, %1" : "=r" (result) : "Q" (*ptr) : "memory" );
 848:Drivers/CMSIS/Include/cmsis_gcc.h ****    return ((uint8_t) result);
 849:Drivers/CMSIS/Include/cmsis_gcc.h **** }
 850:Drivers/CMSIS/Include/cmsis_gcc.h **** 
 851:Drivers/CMSIS/Include/cmsis_gcc.h **** 
 852:Drivers/CMSIS/Include/cmsis_gcc.h **** /**
 853:Drivers/CMSIS/Include/cmsis_gcc.h ****   \brief   Load-Acquire Exclusive (16 bit)
 854:Drivers/CMSIS/Include/cmsis_gcc.h ****   \details Executes a LDAH exclusive instruction for 16 bit values.
 855:Drivers/CMSIS/Include/cmsis_gcc.h ****   \param [in]    ptr  Pointer to data
 856:Drivers/CMSIS/Include/cmsis_gcc.h ****   \return        value of type uint16_t at (*ptr)
 857:Drivers/CMSIS/Include/cmsis_gcc.h ****  */
 858:Drivers/CMSIS/Include/cmsis_gcc.h **** __STATIC_FORCEINLINE uint16_t __LDAEXH(volatile uint16_t *ptr)
 859:Drivers/CMSIS/Include/cmsis_gcc.h **** {
 860:Drivers/CMSIS/Include/cmsis_gcc.h ****     uint32_t result;
 861:Drivers/CMSIS/Include/cmsis_gcc.h **** 
 862:Drivers/CMSIS/Include/cmsis_gcc.h ****    __ASM volatile ("ldaexh %0, %1" : "=r" (result) : "Q" (*ptr) : "memory" );
 863:Drivers/CMSIS/Include/cmsis_gcc.h ****    return ((uint16_t) result);
 864:Drivers/CMSIS/Include/cmsis_gcc.h **** }
 865:Drivers/CMSIS/Include/cmsis_gcc.h **** 
 866:Drivers/CMSIS/Include/cmsis_gcc.h **** 
 867:Drivers/CMSIS/Include/cmsis_gcc.h **** /**
 868:Drivers/CMSIS/Include/cmsis_gcc.h ****   \brief   Load-Acquire Exclusive (32 bit)
 869:Drivers/CMSIS/Include/cmsis_gcc.h ****   \details Executes a LDA exclusive instruction for 32 bit values.
ARM GAS  C:\Users\CuongLe\AppData\Local\Temp\cca9pI0g.s 			page 30


 870:Drivers/CMSIS/Include/cmsis_gcc.h ****   \param [in]    ptr  Pointer to data
 871:Drivers/CMSIS/Include/cmsis_gcc.h ****   \return        value of type uint32_t at (*ptr)
 872:Drivers/CMSIS/Include/cmsis_gcc.h ****  */
 873:Drivers/CMSIS/Include/cmsis_gcc.h **** __STATIC_FORCEINLINE uint32_t __LDAEX(volatile uint32_t *ptr)
 874:Drivers/CMSIS/Include/cmsis_gcc.h **** {
 875:Drivers/CMSIS/Include/cmsis_gcc.h ****     uint32_t result;
 876:Drivers/CMSIS/Include/cmsis_gcc.h **** 
 877:Drivers/CMSIS/Include/cmsis_gcc.h ****    __ASM volatile ("ldaex %0, %1" : "=r" (result) : "Q" (*ptr) : "memory" );
 878:Drivers/CMSIS/Include/cmsis_gcc.h ****    return(result);
 879:Drivers/CMSIS/Include/cmsis_gcc.h **** }
 880:Drivers/CMSIS/Include/cmsis_gcc.h **** 
 881:Drivers/CMSIS/Include/cmsis_gcc.h **** 
 882:Drivers/CMSIS/Include/cmsis_gcc.h **** /**
 883:Drivers/CMSIS/Include/cmsis_gcc.h ****   \brief   Store-Release Exclusive (8 bit)
 884:Drivers/CMSIS/Include/cmsis_gcc.h ****   \details Executes a STLB exclusive instruction for 8 bit values.
 885:Drivers/CMSIS/Include/cmsis_gcc.h ****   \param [in]  value  Value to store
 886:Drivers/CMSIS/Include/cmsis_gcc.h ****   \param [in]    ptr  Pointer to location
 887:Drivers/CMSIS/Include/cmsis_gcc.h ****   \return          0  Function succeeded
 888:Drivers/CMSIS/Include/cmsis_gcc.h ****   \return          1  Function failed
 889:Drivers/CMSIS/Include/cmsis_gcc.h ****  */
 890:Drivers/CMSIS/Include/cmsis_gcc.h **** __STATIC_FORCEINLINE uint32_t __STLEXB(uint8_t value, volatile uint8_t *ptr)
 891:Drivers/CMSIS/Include/cmsis_gcc.h **** {
 892:Drivers/CMSIS/Include/cmsis_gcc.h ****    uint32_t result;
 893:Drivers/CMSIS/Include/cmsis_gcc.h **** 
 894:Drivers/CMSIS/Include/cmsis_gcc.h ****    __ASM volatile ("stlexb %0, %2, %1" : "=&r" (result), "=Q" (*ptr) : "r" ((uint32_t)value) : "mem
 895:Drivers/CMSIS/Include/cmsis_gcc.h ****    return(result);
 896:Drivers/CMSIS/Include/cmsis_gcc.h **** }
 897:Drivers/CMSIS/Include/cmsis_gcc.h **** 
 898:Drivers/CMSIS/Include/cmsis_gcc.h **** 
 899:Drivers/CMSIS/Include/cmsis_gcc.h **** /**
 900:Drivers/CMSIS/Include/cmsis_gcc.h ****   \brief   Store-Release Exclusive (16 bit)
 901:Drivers/CMSIS/Include/cmsis_gcc.h ****   \details Executes a STLH exclusive instruction for 16 bit values.
 902:Drivers/CMSIS/Include/cmsis_gcc.h ****   \param [in]  value  Value to store
 903:Drivers/CMSIS/Include/cmsis_gcc.h ****   \param [in]    ptr  Pointer to location
 904:Drivers/CMSIS/Include/cmsis_gcc.h ****   \return          0  Function succeeded
 905:Drivers/CMSIS/Include/cmsis_gcc.h ****   \return          1  Function failed
 906:Drivers/CMSIS/Include/cmsis_gcc.h ****  */
 907:Drivers/CMSIS/Include/cmsis_gcc.h **** __STATIC_FORCEINLINE uint32_t __STLEXH(uint16_t value, volatile uint16_t *ptr)
 908:Drivers/CMSIS/Include/cmsis_gcc.h **** {
 909:Drivers/CMSIS/Include/cmsis_gcc.h ****    uint32_t result;
 910:Drivers/CMSIS/Include/cmsis_gcc.h **** 
 911:Drivers/CMSIS/Include/cmsis_gcc.h ****    __ASM volatile ("stlexh %0, %2, %1" : "=&r" (result), "=Q" (*ptr) : "r" ((uint32_t)value) : "mem
 912:Drivers/CMSIS/Include/cmsis_gcc.h ****    return(result);
 913:Drivers/CMSIS/Include/cmsis_gcc.h **** }
 914:Drivers/CMSIS/Include/cmsis_gcc.h **** 
 915:Drivers/CMSIS/Include/cmsis_gcc.h **** 
 916:Drivers/CMSIS/Include/cmsis_gcc.h **** /**
 917:Drivers/CMSIS/Include/cmsis_gcc.h ****   \brief   Store-Release Exclusive (32 bit)
 918:Drivers/CMSIS/Include/cmsis_gcc.h ****   \details Executes a STL exclusive instruction for 32 bit values.
 919:Drivers/CMSIS/Include/cmsis_gcc.h ****   \param [in]  value  Value to store
 920:Drivers/CMSIS/Include/cmsis_gcc.h ****   \param [in]    ptr  Pointer to location
 921:Drivers/CMSIS/Include/cmsis_gcc.h ****   \return          0  Function succeeded
 922:Drivers/CMSIS/Include/cmsis_gcc.h ****   \return          1  Function failed
 923:Drivers/CMSIS/Include/cmsis_gcc.h ****  */
 924:Drivers/CMSIS/Include/cmsis_gcc.h **** __STATIC_FORCEINLINE uint32_t __STLEX(uint32_t value, volatile uint32_t *ptr)
 925:Drivers/CMSIS/Include/cmsis_gcc.h **** {
 926:Drivers/CMSIS/Include/cmsis_gcc.h ****    uint32_t result;
ARM GAS  C:\Users\CuongLe\AppData\Local\Temp\cca9pI0g.s 			page 31


 927:Drivers/CMSIS/Include/cmsis_gcc.h **** 
 928:Drivers/CMSIS/Include/cmsis_gcc.h ****    __ASM volatile ("stlex %0, %2, %1" : "=&r" (result), "=Q" (*ptr) : "r" ((uint32_t)value) : "memo
 929:Drivers/CMSIS/Include/cmsis_gcc.h ****    return(result);
 930:Drivers/CMSIS/Include/cmsis_gcc.h **** }
 931:Drivers/CMSIS/Include/cmsis_gcc.h **** 
 932:Drivers/CMSIS/Include/cmsis_gcc.h **** #endif /* ((defined (__ARM_ARCH_8M_MAIN__ ) && (__ARM_ARCH_8M_MAIN__ == 1)) || \
 933:Drivers/CMSIS/Include/cmsis_gcc.h ****            (defined (__ARM_ARCH_8M_BASE__ ) && (__ARM_ARCH_8M_BASE__ == 1))    ) */
 934:Drivers/CMSIS/Include/cmsis_gcc.h **** 
 935:Drivers/CMSIS/Include/cmsis_gcc.h **** /*@}*/ /* end of group CMSIS_Core_InstructionInterface */
 936:Drivers/CMSIS/Include/cmsis_gcc.h **** 
 937:Drivers/CMSIS/Include/cmsis_gcc.h **** 
 938:Drivers/CMSIS/Include/cmsis_gcc.h **** /* ###########################  Core Function Access  ########################### */
 939:Drivers/CMSIS/Include/cmsis_gcc.h **** /** \ingroup  CMSIS_Core_FunctionInterface
 940:Drivers/CMSIS/Include/cmsis_gcc.h ****     \defgroup CMSIS_Core_RegAccFunctions CMSIS Core Register Access Functions
 941:Drivers/CMSIS/Include/cmsis_gcc.h ****   @{
 942:Drivers/CMSIS/Include/cmsis_gcc.h ****  */
 943:Drivers/CMSIS/Include/cmsis_gcc.h **** 
 944:Drivers/CMSIS/Include/cmsis_gcc.h **** /**
 945:Drivers/CMSIS/Include/cmsis_gcc.h ****   \brief   Enable IRQ Interrupts
 946:Drivers/CMSIS/Include/cmsis_gcc.h ****   \details Enables IRQ interrupts by clearing special-purpose register PRIMASK.
 947:Drivers/CMSIS/Include/cmsis_gcc.h ****            Can only be executed in Privileged modes.
 948:Drivers/CMSIS/Include/cmsis_gcc.h ****  */
 949:Drivers/CMSIS/Include/cmsis_gcc.h **** __STATIC_FORCEINLINE void __enable_irq(void)
 950:Drivers/CMSIS/Include/cmsis_gcc.h **** {
 951:Drivers/CMSIS/Include/cmsis_gcc.h ****   __ASM volatile ("cpsie i" : : : "memory");
 952:Drivers/CMSIS/Include/cmsis_gcc.h **** }
 953:Drivers/CMSIS/Include/cmsis_gcc.h **** 
 954:Drivers/CMSIS/Include/cmsis_gcc.h **** 
 955:Drivers/CMSIS/Include/cmsis_gcc.h **** /**
 956:Drivers/CMSIS/Include/cmsis_gcc.h ****   \brief   Disable IRQ Interrupts
 957:Drivers/CMSIS/Include/cmsis_gcc.h ****   \details Disables IRQ interrupts by setting special-purpose register PRIMASK.
 958:Drivers/CMSIS/Include/cmsis_gcc.h ****            Can only be executed in Privileged modes.
 959:Drivers/CMSIS/Include/cmsis_gcc.h ****  */
 960:Drivers/CMSIS/Include/cmsis_gcc.h **** __STATIC_FORCEINLINE void __disable_irq(void)
 234              		.loc 2 960 27 view .LVU50
 235              	.LBB10:
 961:Drivers/CMSIS/Include/cmsis_gcc.h **** {
 962:Drivers/CMSIS/Include/cmsis_gcc.h ****   __ASM volatile ("cpsid i" : : : "memory");
 236              		.loc 2 962 3 view .LVU51
 237              		.syntax unified
 238              	@ 962 "Drivers/CMSIS/Include/cmsis_gcc.h" 1
 239 0000 72B6     		cpsid i
 240              	@ 0 "" 2
 241              		.thumb
 242              		.syntax unified
 243              	.L10:
 244              	.LBE10:
 245              	.LBE9:
 547:Core/Src/main.c ****   while (1)
 246              		.loc 1 547 3 view .LVU52
 548:Core/Src/main.c ****   {
 549:Core/Src/main.c ****   }
 247              		.loc 1 549 3 view .LVU53
 547:Core/Src/main.c ****   while (1)
 248              		.loc 1 547 9 view .LVU54
 249 0002 FEE7     		b	.L10
 250              		.cfi_endproc
ARM GAS  C:\Users\CuongLe\AppData\Local\Temp\cca9pI0g.s 			page 32


 251              	.LFE299:
 253              		.section	.text.MX_TIM2_Init,"ax",%progbits
 254              		.align	1
 255              		.syntax unified
 256              		.thumb
 257              		.thumb_func
 259              	MX_TIM2_Init:
 260              	.LFB291:
 253:Core/Src/main.c **** 
 261              		.loc 1 253 1 view -0
 262              		.cfi_startproc
 263              		@ args = 0, pretend = 0, frame = 48
 264              		@ frame_needed = 0, uses_anonymous_args = 0
 265 0000 10B5     		push	{r4, lr}
 266              	.LCFI6:
 267              		.cfi_def_cfa_offset 8
 268              		.cfi_offset 4, -8
 269              		.cfi_offset 14, -4
 270 0002 8CB0     		sub	sp, sp, #48
 271              	.LCFI7:
 272              		.cfi_def_cfa_offset 56
 259:Core/Src/main.c ****   TIM_MasterConfigTypeDef sMasterConfig = {0};
 273              		.loc 1 259 3 view .LVU56
 259:Core/Src/main.c ****   TIM_MasterConfigTypeDef sMasterConfig = {0};
 274              		.loc 1 259 27 is_stmt 0 view .LVU57
 275 0004 03AC     		add	r4, sp, #12
 276 0006 2422     		movs	r2, #36
 277 0008 0021     		movs	r1, #0
 278 000a 2046     		mov	r0, r4
 279 000c FFF7FEFF 		bl	memset
 280              	.LVL4:
 260:Core/Src/main.c **** 
 281              		.loc 1 260 3 is_stmt 1 view .LVU58
 260:Core/Src/main.c **** 
 282              		.loc 1 260 27 is_stmt 0 view .LVU59
 283 0010 0023     		movs	r3, #0
 284 0012 0193     		str	r3, [sp, #4]
 285 0014 0293     		str	r3, [sp, #8]
 265:Core/Src/main.c ****   htim2.Init.Prescaler = 0;
 286              		.loc 1 265 3 is_stmt 1 view .LVU60
 265:Core/Src/main.c ****   htim2.Init.Prescaler = 0;
 287              		.loc 1 265 18 is_stmt 0 view .LVU61
 288 0016 1348     		ldr	r0, .L17
 289 0018 4FF08042 		mov	r2, #1073741824
 290 001c 0260     		str	r2, [r0]
 266:Core/Src/main.c ****   htim2.Init.CounterMode = TIM_COUNTERMODE_UP;
 291              		.loc 1 266 3 is_stmt 1 view .LVU62
 266:Core/Src/main.c ****   htim2.Init.CounterMode = TIM_COUNTERMODE_UP;
 292              		.loc 1 266 24 is_stmt 0 view .LVU63
 293 001e 4360     		str	r3, [r0, #4]
 267:Core/Src/main.c ****   htim2.Init.Period = 4294967295;
 294              		.loc 1 267 3 is_stmt 1 view .LVU64
 267:Core/Src/main.c ****   htim2.Init.Period = 4294967295;
 295              		.loc 1 267 26 is_stmt 0 view .LVU65
 296 0020 8360     		str	r3, [r0, #8]
 268:Core/Src/main.c ****   htim2.Init.ClockDivision = TIM_CLOCKDIVISION_DIV1;
 297              		.loc 1 268 3 is_stmt 1 view .LVU66
ARM GAS  C:\Users\CuongLe\AppData\Local\Temp\cca9pI0g.s 			page 33


 268:Core/Src/main.c ****   htim2.Init.ClockDivision = TIM_CLOCKDIVISION_DIV1;
 298              		.loc 1 268 21 is_stmt 0 view .LVU67
 299 0022 4FF0FF32 		mov	r2, #-1
 300 0026 C260     		str	r2, [r0, #12]
 269:Core/Src/main.c ****   htim2.Init.AutoReloadPreload = TIM_AUTORELOAD_PRELOAD_ENABLE;
 301              		.loc 1 269 3 is_stmt 1 view .LVU68
 269:Core/Src/main.c ****   htim2.Init.AutoReloadPreload = TIM_AUTORELOAD_PRELOAD_ENABLE;
 302              		.loc 1 269 28 is_stmt 0 view .LVU69
 303 0028 0361     		str	r3, [r0, #16]
 270:Core/Src/main.c ****   sConfig.EncoderMode = TIM_ENCODERMODE_TI12;
 304              		.loc 1 270 3 is_stmt 1 view .LVU70
 270:Core/Src/main.c ****   sConfig.EncoderMode = TIM_ENCODERMODE_TI12;
 305              		.loc 1 270 32 is_stmt 0 view .LVU71
 306 002a 8023     		movs	r3, #128
 307 002c 8361     		str	r3, [r0, #24]
 271:Core/Src/main.c ****   sConfig.IC1Polarity = TIM_ICPOLARITY_FALLING;
 308              		.loc 1 271 3 is_stmt 1 view .LVU72
 271:Core/Src/main.c ****   sConfig.IC1Polarity = TIM_ICPOLARITY_FALLING;
 309              		.loc 1 271 23 is_stmt 0 view .LVU73
 310 002e 0323     		movs	r3, #3
 311 0030 0393     		str	r3, [sp, #12]
 272:Core/Src/main.c ****   sConfig.IC1Selection = TIM_ICSELECTION_DIRECTTI;
 312              		.loc 1 272 3 is_stmt 1 view .LVU74
 272:Core/Src/main.c ****   sConfig.IC1Selection = TIM_ICSELECTION_DIRECTTI;
 313              		.loc 1 272 23 is_stmt 0 view .LVU75
 314 0032 0222     		movs	r2, #2
 315 0034 0492     		str	r2, [sp, #16]
 273:Core/Src/main.c ****   sConfig.IC1Prescaler = TIM_ICPSC_DIV1;
 316              		.loc 1 273 3 is_stmt 1 view .LVU76
 273:Core/Src/main.c ****   sConfig.IC1Prescaler = TIM_ICPSC_DIV1;
 317              		.loc 1 273 24 is_stmt 0 view .LVU77
 318 0036 0123     		movs	r3, #1
 319 0038 0593     		str	r3, [sp, #20]
 274:Core/Src/main.c ****   sConfig.IC1Filter = 0;
 320              		.loc 1 274 3 is_stmt 1 view .LVU78
 275:Core/Src/main.c ****   sConfig.IC2Polarity = TIM_ICPOLARITY_FALLING;
 321              		.loc 1 275 3 view .LVU79
 276:Core/Src/main.c ****   sConfig.IC2Selection = TIM_ICSELECTION_DIRECTTI;
 322              		.loc 1 276 3 view .LVU80
 276:Core/Src/main.c ****   sConfig.IC2Selection = TIM_ICSELECTION_DIRECTTI;
 323              		.loc 1 276 23 is_stmt 0 view .LVU81
 324 003a 0892     		str	r2, [sp, #32]
 277:Core/Src/main.c ****   sConfig.IC2Prescaler = TIM_ICPSC_DIV1;
 325              		.loc 1 277 3 is_stmt 1 view .LVU82
 277:Core/Src/main.c ****   sConfig.IC2Prescaler = TIM_ICPSC_DIV1;
 326              		.loc 1 277 24 is_stmt 0 view .LVU83
 327 003c 0993     		str	r3, [sp, #36]
 278:Core/Src/main.c ****   sConfig.IC2Filter = 0;
 328              		.loc 1 278 3 is_stmt 1 view .LVU84
 279:Core/Src/main.c ****   if (HAL_TIM_Encoder_Init(&htim2, &sConfig) != HAL_OK)
 329              		.loc 1 279 3 view .LVU85
 280:Core/Src/main.c ****   {
 330              		.loc 1 280 3 view .LVU86
 280:Core/Src/main.c ****   {
 331              		.loc 1 280 7 is_stmt 0 view .LVU87
 332 003e 2146     		mov	r1, r4
 333 0040 FFF7FEFF 		bl	HAL_TIM_Encoder_Init
ARM GAS  C:\Users\CuongLe\AppData\Local\Temp\cca9pI0g.s 			page 34


 334              	.LVL5:
 280:Core/Src/main.c ****   {
 335              		.loc 1 280 6 discriminator 1 view .LVU88
 336 0044 48B9     		cbnz	r0, .L15
 284:Core/Src/main.c ****   sMasterConfig.MasterSlaveMode = TIM_MASTERSLAVEMODE_DISABLE;
 337              		.loc 1 284 3 is_stmt 1 view .LVU89
 284:Core/Src/main.c ****   sMasterConfig.MasterSlaveMode = TIM_MASTERSLAVEMODE_DISABLE;
 338              		.loc 1 284 37 is_stmt 0 view .LVU90
 339 0046 0023     		movs	r3, #0
 340 0048 0193     		str	r3, [sp, #4]
 285:Core/Src/main.c ****   if (HAL_TIMEx_MasterConfigSynchronization(&htim2, &sMasterConfig) != HAL_OK)
 341              		.loc 1 285 3 is_stmt 1 view .LVU91
 285:Core/Src/main.c ****   if (HAL_TIMEx_MasterConfigSynchronization(&htim2, &sMasterConfig) != HAL_OK)
 342              		.loc 1 285 33 is_stmt 0 view .LVU92
 343 004a 0293     		str	r3, [sp, #8]
 286:Core/Src/main.c ****   {
 344              		.loc 1 286 3 is_stmt 1 view .LVU93
 286:Core/Src/main.c ****   {
 345              		.loc 1 286 7 is_stmt 0 view .LVU94
 346 004c 01A9     		add	r1, sp, #4
 347 004e 0548     		ldr	r0, .L17
 348 0050 FFF7FEFF 		bl	HAL_TIMEx_MasterConfigSynchronization
 349              	.LVL6:
 286:Core/Src/main.c ****   {
 350              		.loc 1 286 6 discriminator 1 view .LVU95
 351 0054 18B9     		cbnz	r0, .L16
 294:Core/Src/main.c **** 
 352              		.loc 1 294 1 view .LVU96
 353 0056 0CB0     		add	sp, sp, #48
 354              	.LCFI8:
 355              		.cfi_remember_state
 356              		.cfi_def_cfa_offset 8
 357              		@ sp needed
 358 0058 10BD     		pop	{r4, pc}
 359              	.L15:
 360              	.LCFI9:
 361              		.cfi_restore_state
 282:Core/Src/main.c ****   }
 362              		.loc 1 282 5 is_stmt 1 view .LVU97
 363 005a FFF7FEFF 		bl	Error_Handler
 364              	.LVL7:
 365              	.L16:
 288:Core/Src/main.c ****   }
 366              		.loc 1 288 5 view .LVU98
 367 005e FFF7FEFF 		bl	Error_Handler
 368              	.LVL8:
 369              	.L18:
 370 0062 00BF     		.align	2
 371              	.L17:
 372 0064 00000000 		.word	htim2
 373              		.cfi_endproc
 374              	.LFE291:
 376              		.section	.text.MX_USART2_UART_Init,"ax",%progbits
 377              		.align	1
 378              		.syntax unified
 379              		.thumb
 380              		.thumb_func
ARM GAS  C:\Users\CuongLe\AppData\Local\Temp\cca9pI0g.s 			page 35


 382              	MX_USART2_UART_Init:
 383              	.LFB295:
 427:Core/Src/main.c **** 
 384              		.loc 1 427 1 view -0
 385              		.cfi_startproc
 386              		@ args = 0, pretend = 0, frame = 0
 387              		@ frame_needed = 0, uses_anonymous_args = 0
 388 0000 08B5     		push	{r3, lr}
 389              	.LCFI10:
 390              		.cfi_def_cfa_offset 8
 391              		.cfi_offset 3, -8
 392              		.cfi_offset 14, -4
 436:Core/Src/main.c ****   huart2.Init.BaudRate = 115200;
 393              		.loc 1 436 3 view .LVU100
 436:Core/Src/main.c ****   huart2.Init.BaudRate = 115200;
 394              		.loc 1 436 19 is_stmt 0 view .LVU101
 395 0002 0A48     		ldr	r0, .L23
 396 0004 0A4B     		ldr	r3, .L23+4
 397 0006 0360     		str	r3, [r0]
 437:Core/Src/main.c ****   huart2.Init.WordLength = UART_WORDLENGTH_8B;
 398              		.loc 1 437 3 is_stmt 1 view .LVU102
 437:Core/Src/main.c ****   huart2.Init.WordLength = UART_WORDLENGTH_8B;
 399              		.loc 1 437 24 is_stmt 0 view .LVU103
 400 0008 4FF4E133 		mov	r3, #115200
 401 000c 4360     		str	r3, [r0, #4]
 438:Core/Src/main.c ****   huart2.Init.StopBits = UART_STOPBITS_1;
 402              		.loc 1 438 3 is_stmt 1 view .LVU104
 438:Core/Src/main.c ****   huart2.Init.StopBits = UART_STOPBITS_1;
 403              		.loc 1 438 26 is_stmt 0 view .LVU105
 404 000e 0023     		movs	r3, #0
 405 0010 8360     		str	r3, [r0, #8]
 439:Core/Src/main.c ****   huart2.Init.Parity = UART_PARITY_NONE;
 406              		.loc 1 439 3 is_stmt 1 view .LVU106
 439:Core/Src/main.c ****   huart2.Init.Parity = UART_PARITY_NONE;
 407              		.loc 1 439 24 is_stmt 0 view .LVU107
 408 0012 C360     		str	r3, [r0, #12]
 440:Core/Src/main.c ****   huart2.Init.Mode = UART_MODE_TX_RX;
 409              		.loc 1 440 3 is_stmt 1 view .LVU108
 440:Core/Src/main.c ****   huart2.Init.Mode = UART_MODE_TX_RX;
 410              		.loc 1 440 22 is_stmt 0 view .LVU109
 411 0014 0361     		str	r3, [r0, #16]
 441:Core/Src/main.c ****   huart2.Init.HwFlowCtl = UART_HWCONTROL_NONE;
 412              		.loc 1 441 3 is_stmt 1 view .LVU110
 441:Core/Src/main.c ****   huart2.Init.HwFlowCtl = UART_HWCONTROL_NONE;
 413              		.loc 1 441 20 is_stmt 0 view .LVU111
 414 0016 0C22     		movs	r2, #12
 415 0018 4261     		str	r2, [r0, #20]
 442:Core/Src/main.c ****   huart2.Init.OverSampling = UART_OVERSAMPLING_16;
 416              		.loc 1 442 3 is_stmt 1 view .LVU112
 442:Core/Src/main.c ****   huart2.Init.OverSampling = UART_OVERSAMPLING_16;
 417              		.loc 1 442 25 is_stmt 0 view .LVU113
 418 001a 8361     		str	r3, [r0, #24]
 443:Core/Src/main.c ****   if (HAL_UART_Init(&huart2) != HAL_OK)
 419              		.loc 1 443 3 is_stmt 1 view .LVU114
 443:Core/Src/main.c ****   if (HAL_UART_Init(&huart2) != HAL_OK)
 420              		.loc 1 443 28 is_stmt 0 view .LVU115
 421 001c C361     		str	r3, [r0, #28]
ARM GAS  C:\Users\CuongLe\AppData\Local\Temp\cca9pI0g.s 			page 36


 444:Core/Src/main.c ****   {
 422              		.loc 1 444 3 is_stmt 1 view .LVU116
 444:Core/Src/main.c ****   {
 423              		.loc 1 444 7 is_stmt 0 view .LVU117
 424 001e FFF7FEFF 		bl	HAL_UART_Init
 425              	.LVL9:
 444:Core/Src/main.c ****   {
 426              		.loc 1 444 6 discriminator 1 view .LVU118
 427 0022 00B9     		cbnz	r0, .L22
 452:Core/Src/main.c **** 
 428              		.loc 1 452 1 view .LVU119
 429 0024 08BD     		pop	{r3, pc}
 430              	.L22:
 446:Core/Src/main.c ****   }
 431              		.loc 1 446 5 is_stmt 1 view .LVU120
 432 0026 FFF7FEFF 		bl	Error_Handler
 433              	.LVL10:
 434              	.L24:
 435 002a 00BF     		.align	2
 436              	.L23:
 437 002c 00000000 		.word	huart2
 438 0030 00440040 		.word	1073759232
 439              		.cfi_endproc
 440              	.LFE295:
 442              		.section	.text.MX_USART3_UART_Init,"ax",%progbits
 443              		.align	1
 444              		.syntax unified
 445              		.thumb
 446              		.thumb_func
 448              	MX_USART3_UART_Init:
 449              	.LFB296:
 460:Core/Src/main.c **** 
 450              		.loc 1 460 1 view -0
 451              		.cfi_startproc
 452              		@ args = 0, pretend = 0, frame = 0
 453              		@ frame_needed = 0, uses_anonymous_args = 0
 454 0000 08B5     		push	{r3, lr}
 455              	.LCFI11:
 456              		.cfi_def_cfa_offset 8
 457              		.cfi_offset 3, -8
 458              		.cfi_offset 14, -4
 469:Core/Src/main.c ****   huart3.Init.BaudRate = 921600;
 459              		.loc 1 469 3 view .LVU122
 469:Core/Src/main.c ****   huart3.Init.BaudRate = 921600;
 460              		.loc 1 469 19 is_stmt 0 view .LVU123
 461 0002 0A48     		ldr	r0, .L29
 462 0004 0A4B     		ldr	r3, .L29+4
 463 0006 0360     		str	r3, [r0]
 470:Core/Src/main.c ****   huart3.Init.WordLength = UART_WORDLENGTH_8B;
 464              		.loc 1 470 3 is_stmt 1 view .LVU124
 470:Core/Src/main.c ****   huart3.Init.WordLength = UART_WORDLENGTH_8B;
 465              		.loc 1 470 24 is_stmt 0 view .LVU125
 466 0008 4FF46123 		mov	r3, #921600
 467 000c 4360     		str	r3, [r0, #4]
 471:Core/Src/main.c ****   huart3.Init.StopBits = UART_STOPBITS_1;
 468              		.loc 1 471 3 is_stmt 1 view .LVU126
 471:Core/Src/main.c ****   huart3.Init.StopBits = UART_STOPBITS_1;
ARM GAS  C:\Users\CuongLe\AppData\Local\Temp\cca9pI0g.s 			page 37


 469              		.loc 1 471 26 is_stmt 0 view .LVU127
 470 000e 0023     		movs	r3, #0
 471 0010 8360     		str	r3, [r0, #8]
 472:Core/Src/main.c ****   huart3.Init.Parity = UART_PARITY_NONE;
 472              		.loc 1 472 3 is_stmt 1 view .LVU128
 472:Core/Src/main.c ****   huart3.Init.Parity = UART_PARITY_NONE;
 473              		.loc 1 472 24 is_stmt 0 view .LVU129
 474 0012 C360     		str	r3, [r0, #12]
 473:Core/Src/main.c ****   huart3.Init.Mode = UART_MODE_TX_RX;
 475              		.loc 1 473 3 is_stmt 1 view .LVU130
 473:Core/Src/main.c ****   huart3.Init.Mode = UART_MODE_TX_RX;
 476              		.loc 1 473 22 is_stmt 0 view .LVU131
 477 0014 0361     		str	r3, [r0, #16]
 474:Core/Src/main.c ****   huart3.Init.HwFlowCtl = UART_HWCONTROL_NONE;
 478              		.loc 1 474 3 is_stmt 1 view .LVU132
 474:Core/Src/main.c ****   huart3.Init.HwFlowCtl = UART_HWCONTROL_NONE;
 479              		.loc 1 474 20 is_stmt 0 view .LVU133
 480 0016 0C22     		movs	r2, #12
 481 0018 4261     		str	r2, [r0, #20]
 475:Core/Src/main.c ****   huart3.Init.OverSampling = UART_OVERSAMPLING_16;
 482              		.loc 1 475 3 is_stmt 1 view .LVU134
 475:Core/Src/main.c ****   huart3.Init.OverSampling = UART_OVERSAMPLING_16;
 483              		.loc 1 475 25 is_stmt 0 view .LVU135
 484 001a 8361     		str	r3, [r0, #24]
 476:Core/Src/main.c ****   if (HAL_UART_Init(&huart3) != HAL_OK)
 485              		.loc 1 476 3 is_stmt 1 view .LVU136
 476:Core/Src/main.c ****   if (HAL_UART_Init(&huart3) != HAL_OK)
 486              		.loc 1 476 28 is_stmt 0 view .LVU137
 487 001c C361     		str	r3, [r0, #28]
 477:Core/Src/main.c ****   {
 488              		.loc 1 477 3 is_stmt 1 view .LVU138
 477:Core/Src/main.c ****   {
 489              		.loc 1 477 7 is_stmt 0 view .LVU139
 490 001e FFF7FEFF 		bl	HAL_UART_Init
 491              	.LVL11:
 477:Core/Src/main.c ****   {
 492              		.loc 1 477 6 discriminator 1 view .LVU140
 493 0022 00B9     		cbnz	r0, .L28
 485:Core/Src/main.c **** 
 494              		.loc 1 485 1 view .LVU141
 495 0024 08BD     		pop	{r3, pc}
 496              	.L28:
 479:Core/Src/main.c ****   }
 497              		.loc 1 479 5 is_stmt 1 view .LVU142
 498 0026 FFF7FEFF 		bl	Error_Handler
 499              	.LVL12:
 500              	.L30:
 501 002a 00BF     		.align	2
 502              	.L29:
 503 002c 00000000 		.word	huart3
 504 0030 00480040 		.word	1073760256
 505              		.cfi_endproc
 506              	.LFE296:
 508              		.section	.text.MX_TIM6_Init,"ax",%progbits
 509              		.align	1
 510              		.syntax unified
 511              		.thumb
ARM GAS  C:\Users\CuongLe\AppData\Local\Temp\cca9pI0g.s 			page 38


 512              		.thumb_func
 514              	MX_TIM6_Init:
 515              	.LFB293:
 351:Core/Src/main.c **** 
 516              		.loc 1 351 1 view -0
 517              		.cfi_startproc
 518              		@ args = 0, pretend = 0, frame = 8
 519              		@ frame_needed = 0, uses_anonymous_args = 0
 520 0000 00B5     		push	{lr}
 521              	.LCFI12:
 522              		.cfi_def_cfa_offset 4
 523              		.cfi_offset 14, -4
 524 0002 83B0     		sub	sp, sp, #12
 525              	.LCFI13:
 526              		.cfi_def_cfa_offset 16
 357:Core/Src/main.c **** 
 527              		.loc 1 357 3 view .LVU144
 357:Core/Src/main.c **** 
 528              		.loc 1 357 27 is_stmt 0 view .LVU145
 529 0004 0023     		movs	r3, #0
 530 0006 0093     		str	r3, [sp]
 531 0008 0193     		str	r3, [sp, #4]
 362:Core/Src/main.c ****   htim6.Init.Prescaler = 839;
 532              		.loc 1 362 3 is_stmt 1 view .LVU146
 362:Core/Src/main.c ****   htim6.Init.Prescaler = 839;
 533              		.loc 1 362 18 is_stmt 0 view .LVU147
 534 000a 0F48     		ldr	r0, .L37
 535 000c 0F4A     		ldr	r2, .L37+4
 536 000e 0260     		str	r2, [r0]
 363:Core/Src/main.c ****   htim6.Init.CounterMode = TIM_COUNTERMODE_UP;
 537              		.loc 1 363 3 is_stmt 1 view .LVU148
 363:Core/Src/main.c ****   htim6.Init.CounterMode = TIM_COUNTERMODE_UP;
 538              		.loc 1 363 24 is_stmt 0 view .LVU149
 539 0010 40F24732 		movw	r2, #839
 540 0014 4260     		str	r2, [r0, #4]
 364:Core/Src/main.c ****   htim6.Init.Period = 999;
 541              		.loc 1 364 3 is_stmt 1 view .LVU150
 364:Core/Src/main.c ****   htim6.Init.Period = 999;
 542              		.loc 1 364 26 is_stmt 0 view .LVU151
 543 0016 8360     		str	r3, [r0, #8]
 365:Core/Src/main.c ****   htim6.Init.AutoReloadPreload = TIM_AUTORELOAD_PRELOAD_ENABLE;
 544              		.loc 1 365 3 is_stmt 1 view .LVU152
 365:Core/Src/main.c ****   htim6.Init.AutoReloadPreload = TIM_AUTORELOAD_PRELOAD_ENABLE;
 545              		.loc 1 365 21 is_stmt 0 view .LVU153
 546 0018 40F2E733 		movw	r3, #999
 547 001c C360     		str	r3, [r0, #12]
 366:Core/Src/main.c ****   if (HAL_TIM_Base_Init(&htim6) != HAL_OK)
 548              		.loc 1 366 3 is_stmt 1 view .LVU154
 366:Core/Src/main.c ****   if (HAL_TIM_Base_Init(&htim6) != HAL_OK)
 549              		.loc 1 366 32 is_stmt 0 view .LVU155
 550 001e 8023     		movs	r3, #128
 551 0020 8361     		str	r3, [r0, #24]
 367:Core/Src/main.c ****   {
 552              		.loc 1 367 3 is_stmt 1 view .LVU156
 367:Core/Src/main.c ****   {
 553              		.loc 1 367 7 is_stmt 0 view .LVU157
 554 0022 FFF7FEFF 		bl	HAL_TIM_Base_Init
ARM GAS  C:\Users\CuongLe\AppData\Local\Temp\cca9pI0g.s 			page 39


 555              	.LVL13:
 367:Core/Src/main.c ****   {
 556              		.loc 1 367 6 discriminator 1 view .LVU158
 557 0026 50B9     		cbnz	r0, .L35
 371:Core/Src/main.c ****   sMasterConfig.MasterSlaveMode = TIM_MASTERSLAVEMODE_DISABLE;
 558              		.loc 1 371 3 is_stmt 1 view .LVU159
 371:Core/Src/main.c ****   sMasterConfig.MasterSlaveMode = TIM_MASTERSLAVEMODE_DISABLE;
 559              		.loc 1 371 37 is_stmt 0 view .LVU160
 560 0028 0023     		movs	r3, #0
 561 002a 0093     		str	r3, [sp]
 372:Core/Src/main.c ****   if (HAL_TIMEx_MasterConfigSynchronization(&htim6, &sMasterConfig) != HAL_OK)
 562              		.loc 1 372 3 is_stmt 1 view .LVU161
 372:Core/Src/main.c ****   if (HAL_TIMEx_MasterConfigSynchronization(&htim6, &sMasterConfig) != HAL_OK)
 563              		.loc 1 372 33 is_stmt 0 view .LVU162
 564 002c 0193     		str	r3, [sp, #4]
 373:Core/Src/main.c ****   {
 565              		.loc 1 373 3 is_stmt 1 view .LVU163
 373:Core/Src/main.c ****   {
 566              		.loc 1 373 7 is_stmt 0 view .LVU164
 567 002e 6946     		mov	r1, sp
 568 0030 0548     		ldr	r0, .L37
 569 0032 FFF7FEFF 		bl	HAL_TIMEx_MasterConfigSynchronization
 570              	.LVL14:
 373:Core/Src/main.c ****   {
 571              		.loc 1 373 6 discriminator 1 view .LVU165
 572 0036 20B9     		cbnz	r0, .L36
 381:Core/Src/main.c **** 
 573              		.loc 1 381 1 view .LVU166
 574 0038 03B0     		add	sp, sp, #12
 575              	.LCFI14:
 576              		.cfi_remember_state
 577              		.cfi_def_cfa_offset 4
 578              		@ sp needed
 579 003a 5DF804FB 		ldr	pc, [sp], #4
 580              	.L35:
 581              	.LCFI15:
 582              		.cfi_restore_state
 369:Core/Src/main.c ****   }
 583              		.loc 1 369 5 is_stmt 1 view .LVU167
 584 003e FFF7FEFF 		bl	Error_Handler
 585              	.LVL15:
 586              	.L36:
 375:Core/Src/main.c ****   }
 587              		.loc 1 375 5 view .LVU168
 588 0042 FFF7FEFF 		bl	Error_Handler
 589              	.LVL16:
 590              	.L38:
 591 0046 00BF     		.align	2
 592              	.L37:
 593 0048 00000000 		.word	htim6
 594 004c 00100040 		.word	1073745920
 595              		.cfi_endproc
 596              	.LFE293:
 598              		.section	.text.MX_TIM7_Init,"ax",%progbits
 599              		.align	1
 600              		.syntax unified
 601              		.thumb
ARM GAS  C:\Users\CuongLe\AppData\Local\Temp\cca9pI0g.s 			page 40


 602              		.thumb_func
 604              	MX_TIM7_Init:
 605              	.LFB294:
 389:Core/Src/main.c **** 
 606              		.loc 1 389 1 view -0
 607              		.cfi_startproc
 608              		@ args = 0, pretend = 0, frame = 8
 609              		@ frame_needed = 0, uses_anonymous_args = 0
 610 0000 00B5     		push	{lr}
 611              	.LCFI16:
 612              		.cfi_def_cfa_offset 4
 613              		.cfi_offset 14, -4
 614 0002 83B0     		sub	sp, sp, #12
 615              	.LCFI17:
 616              		.cfi_def_cfa_offset 16
 395:Core/Src/main.c **** 
 617              		.loc 1 395 3 view .LVU170
 395:Core/Src/main.c **** 
 618              		.loc 1 395 27 is_stmt 0 view .LVU171
 619 0004 0023     		movs	r3, #0
 620 0006 0093     		str	r3, [sp]
 621 0008 0193     		str	r3, [sp, #4]
 400:Core/Src/main.c ****   htim7.Init.Prescaler = 83;
 622              		.loc 1 400 3 is_stmt 1 view .LVU172
 400:Core/Src/main.c ****   htim7.Init.Prescaler = 83;
 623              		.loc 1 400 18 is_stmt 0 view .LVU173
 624 000a 0E48     		ldr	r0, .L45
 625 000c 0E4A     		ldr	r2, .L45+4
 626 000e 0260     		str	r2, [r0]
 401:Core/Src/main.c ****   htim7.Init.CounterMode = TIM_COUNTERMODE_UP;
 627              		.loc 1 401 3 is_stmt 1 view .LVU174
 401:Core/Src/main.c ****   htim7.Init.CounterMode = TIM_COUNTERMODE_UP;
 628              		.loc 1 401 24 is_stmt 0 view .LVU175
 629 0010 5322     		movs	r2, #83
 630 0012 4260     		str	r2, [r0, #4]
 402:Core/Src/main.c ****   htim7.Init.Period = 999;
 631              		.loc 1 402 3 is_stmt 1 view .LVU176
 402:Core/Src/main.c ****   htim7.Init.Period = 999;
 632              		.loc 1 402 26 is_stmt 0 view .LVU177
 633 0014 8360     		str	r3, [r0, #8]
 403:Core/Src/main.c ****   htim7.Init.AutoReloadPreload = TIM_AUTORELOAD_PRELOAD_ENABLE;
 634              		.loc 1 403 3 is_stmt 1 view .LVU178
 403:Core/Src/main.c ****   htim7.Init.AutoReloadPreload = TIM_AUTORELOAD_PRELOAD_ENABLE;
 635              		.loc 1 403 21 is_stmt 0 view .LVU179
 636 0016 40F2E733 		movw	r3, #999
 637 001a C360     		str	r3, [r0, #12]
 404:Core/Src/main.c ****   if (HAL_TIM_Base_Init(&htim7) != HAL_OK)
 638              		.loc 1 404 3 is_stmt 1 view .LVU180
 404:Core/Src/main.c ****   if (HAL_TIM_Base_Init(&htim7) != HAL_OK)
 639              		.loc 1 404 32 is_stmt 0 view .LVU181
 640 001c 8023     		movs	r3, #128
 641 001e 8361     		str	r3, [r0, #24]
 405:Core/Src/main.c ****   {
 642              		.loc 1 405 3 is_stmt 1 view .LVU182
 405:Core/Src/main.c ****   {
 643              		.loc 1 405 7 is_stmt 0 view .LVU183
 644 0020 FFF7FEFF 		bl	HAL_TIM_Base_Init
ARM GAS  C:\Users\CuongLe\AppData\Local\Temp\cca9pI0g.s 			page 41


 645              	.LVL17:
 405:Core/Src/main.c ****   {
 646              		.loc 1 405 6 discriminator 1 view .LVU184
 647 0024 50B9     		cbnz	r0, .L43
 409:Core/Src/main.c ****   sMasterConfig.MasterSlaveMode = TIM_MASTERSLAVEMODE_DISABLE;
 648              		.loc 1 409 3 is_stmt 1 view .LVU185
 409:Core/Src/main.c ****   sMasterConfig.MasterSlaveMode = TIM_MASTERSLAVEMODE_DISABLE;
 649              		.loc 1 409 37 is_stmt 0 view .LVU186
 650 0026 0023     		movs	r3, #0
 651 0028 0093     		str	r3, [sp]
 410:Core/Src/main.c ****   if (HAL_TIMEx_MasterConfigSynchronization(&htim7, &sMasterConfig) != HAL_OK)
 652              		.loc 1 410 3 is_stmt 1 view .LVU187
 410:Core/Src/main.c ****   if (HAL_TIMEx_MasterConfigSynchronization(&htim7, &sMasterConfig) != HAL_OK)
 653              		.loc 1 410 33 is_stmt 0 view .LVU188
 654 002a 0193     		str	r3, [sp, #4]
 411:Core/Src/main.c ****   {
 655              		.loc 1 411 3 is_stmt 1 view .LVU189
 411:Core/Src/main.c ****   {
 656              		.loc 1 411 7 is_stmt 0 view .LVU190
 657 002c 6946     		mov	r1, sp
 658 002e 0548     		ldr	r0, .L45
 659 0030 FFF7FEFF 		bl	HAL_TIMEx_MasterConfigSynchronization
 660              	.LVL18:
 411:Core/Src/main.c ****   {
 661              		.loc 1 411 6 discriminator 1 view .LVU191
 662 0034 20B9     		cbnz	r0, .L44
 419:Core/Src/main.c **** 
 663              		.loc 1 419 1 view .LVU192
 664 0036 03B0     		add	sp, sp, #12
 665              	.LCFI18:
 666              		.cfi_remember_state
 667              		.cfi_def_cfa_offset 4
 668              		@ sp needed
 669 0038 5DF804FB 		ldr	pc, [sp], #4
 670              	.L43:
 671              	.LCFI19:
 672              		.cfi_restore_state
 407:Core/Src/main.c ****   }
 673              		.loc 1 407 5 is_stmt 1 view .LVU193
 674 003c FFF7FEFF 		bl	Error_Handler
 675              	.LVL19:
 676              	.L44:
 413:Core/Src/main.c ****   }
 677              		.loc 1 413 5 view .LVU194
 678 0040 FFF7FEFF 		bl	Error_Handler
 679              	.LVL20:
 680              	.L46:
 681              		.align	2
 682              	.L45:
 683 0044 00000000 		.word	htim7
 684 0048 00140040 		.word	1073746944
 685              		.cfi_endproc
 686              	.LFE294:
 688              		.section	.text.MX_TIM3_Init,"ax",%progbits
 689              		.align	1
 690              		.syntax unified
 691              		.thumb
ARM GAS  C:\Users\CuongLe\AppData\Local\Temp\cca9pI0g.s 			page 42


 692              		.thumb_func
 694              	MX_TIM3_Init:
 695              	.LFB292:
 302:Core/Src/main.c **** 
 696              		.loc 1 302 1 view -0
 697              		.cfi_startproc
 698              		@ args = 0, pretend = 0, frame = 48
 699              		@ frame_needed = 0, uses_anonymous_args = 0
 700 0000 10B5     		push	{r4, lr}
 701              	.LCFI20:
 702              		.cfi_def_cfa_offset 8
 703              		.cfi_offset 4, -8
 704              		.cfi_offset 14, -4
 705 0002 8CB0     		sub	sp, sp, #48
 706              	.LCFI21:
 707              		.cfi_def_cfa_offset 56
 308:Core/Src/main.c ****   TIM_MasterConfigTypeDef sMasterConfig = {0};
 708              		.loc 1 308 3 view .LVU196
 308:Core/Src/main.c ****   TIM_MasterConfigTypeDef sMasterConfig = {0};
 709              		.loc 1 308 27 is_stmt 0 view .LVU197
 710 0004 03AC     		add	r4, sp, #12
 711 0006 2422     		movs	r2, #36
 712 0008 0021     		movs	r1, #0
 713 000a 2046     		mov	r0, r4
 714 000c FFF7FEFF 		bl	memset
 715              	.LVL21:
 309:Core/Src/main.c **** 
 716              		.loc 1 309 3 is_stmt 1 view .LVU198
 309:Core/Src/main.c **** 
 717              		.loc 1 309 27 is_stmt 0 view .LVU199
 718 0010 0023     		movs	r3, #0
 719 0012 0193     		str	r3, [sp, #4]
 720 0014 0293     		str	r3, [sp, #8]
 314:Core/Src/main.c ****   htim3.Init.Prescaler = 0;
 721              		.loc 1 314 3 is_stmt 1 view .LVU200
 314:Core/Src/main.c ****   htim3.Init.Prescaler = 0;
 722              		.loc 1 314 18 is_stmt 0 view .LVU201
 723 0016 1248     		ldr	r0, .L53
 724 0018 124A     		ldr	r2, .L53+4
 725 001a 0260     		str	r2, [r0]
 315:Core/Src/main.c ****   htim3.Init.CounterMode = TIM_COUNTERMODE_UP;
 726              		.loc 1 315 3 is_stmt 1 view .LVU202
 315:Core/Src/main.c ****   htim3.Init.CounterMode = TIM_COUNTERMODE_UP;
 727              		.loc 1 315 24 is_stmt 0 view .LVU203
 728 001c 4360     		str	r3, [r0, #4]
 316:Core/Src/main.c ****   htim3.Init.Period = 65535;
 729              		.loc 1 316 3 is_stmt 1 view .LVU204
 316:Core/Src/main.c ****   htim3.Init.Period = 65535;
 730              		.loc 1 316 26 is_stmt 0 view .LVU205
 731 001e 8360     		str	r3, [r0, #8]
 317:Core/Src/main.c ****   htim3.Init.ClockDivision = TIM_CLOCKDIVISION_DIV1;
 732              		.loc 1 317 3 is_stmt 1 view .LVU206
 317:Core/Src/main.c ****   htim3.Init.ClockDivision = TIM_CLOCKDIVISION_DIV1;
 733              		.loc 1 317 21 is_stmt 0 view .LVU207
 734 0020 4FF6FF72 		movw	r2, #65535
 735 0024 C260     		str	r2, [r0, #12]
 318:Core/Src/main.c ****   htim3.Init.AutoReloadPreload = TIM_AUTORELOAD_PRELOAD_DISABLE;
ARM GAS  C:\Users\CuongLe\AppData\Local\Temp\cca9pI0g.s 			page 43


 736              		.loc 1 318 3 is_stmt 1 view .LVU208
 318:Core/Src/main.c ****   htim3.Init.AutoReloadPreload = TIM_AUTORELOAD_PRELOAD_DISABLE;
 737              		.loc 1 318 28 is_stmt 0 view .LVU209
 738 0026 0361     		str	r3, [r0, #16]
 319:Core/Src/main.c ****   sConfig.EncoderMode = TIM_ENCODERMODE_TI12;
 739              		.loc 1 319 3 is_stmt 1 view .LVU210
 319:Core/Src/main.c ****   sConfig.EncoderMode = TIM_ENCODERMODE_TI12;
 740              		.loc 1 319 32 is_stmt 0 view .LVU211
 741 0028 8361     		str	r3, [r0, #24]
 320:Core/Src/main.c ****   sConfig.IC1Polarity = TIM_ICPOLARITY_FALLING;
 742              		.loc 1 320 3 is_stmt 1 view .LVU212
 320:Core/Src/main.c ****   sConfig.IC1Polarity = TIM_ICPOLARITY_FALLING;
 743              		.loc 1 320 23 is_stmt 0 view .LVU213
 744 002a 0323     		movs	r3, #3
 745 002c 0393     		str	r3, [sp, #12]
 321:Core/Src/main.c ****   sConfig.IC1Selection = TIM_ICSELECTION_DIRECTTI;
 746              		.loc 1 321 3 is_stmt 1 view .LVU214
 321:Core/Src/main.c ****   sConfig.IC1Selection = TIM_ICSELECTION_DIRECTTI;
 747              		.loc 1 321 23 is_stmt 0 view .LVU215
 748 002e 0222     		movs	r2, #2
 749 0030 0492     		str	r2, [sp, #16]
 322:Core/Src/main.c ****   sConfig.IC1Prescaler = TIM_ICPSC_DIV1;
 750              		.loc 1 322 3 is_stmt 1 view .LVU216
 322:Core/Src/main.c ****   sConfig.IC1Prescaler = TIM_ICPSC_DIV1;
 751              		.loc 1 322 24 is_stmt 0 view .LVU217
 752 0032 0123     		movs	r3, #1
 753 0034 0593     		str	r3, [sp, #20]
 323:Core/Src/main.c ****   sConfig.IC1Filter = 0;
 754              		.loc 1 323 3 is_stmt 1 view .LVU218
 324:Core/Src/main.c ****   sConfig.IC2Polarity = TIM_ICPOLARITY_FALLING;
 755              		.loc 1 324 3 view .LVU219
 325:Core/Src/main.c ****   sConfig.IC2Selection = TIM_ICSELECTION_DIRECTTI;
 756              		.loc 1 325 3 view .LVU220
 325:Core/Src/main.c ****   sConfig.IC2Selection = TIM_ICSELECTION_DIRECTTI;
 757              		.loc 1 325 23 is_stmt 0 view .LVU221
 758 0036 0892     		str	r2, [sp, #32]
 326:Core/Src/main.c ****   sConfig.IC2Prescaler = TIM_ICPSC_DIV1;
 759              		.loc 1 326 3 is_stmt 1 view .LVU222
 326:Core/Src/main.c ****   sConfig.IC2Prescaler = TIM_ICPSC_DIV1;
 760              		.loc 1 326 24 is_stmt 0 view .LVU223
 761 0038 0993     		str	r3, [sp, #36]
 327:Core/Src/main.c ****   sConfig.IC2Filter = 0;
 762              		.loc 1 327 3 is_stmt 1 view .LVU224
 328:Core/Src/main.c ****   if (HAL_TIM_Encoder_Init(&htim3, &sConfig) != HAL_OK)
 763              		.loc 1 328 3 view .LVU225
 329:Core/Src/main.c ****   {
 764              		.loc 1 329 3 view .LVU226
 329:Core/Src/main.c ****   {
 765              		.loc 1 329 7 is_stmt 0 view .LVU227
 766 003a 2146     		mov	r1, r4
 767 003c FFF7FEFF 		bl	HAL_TIM_Encoder_Init
 768              	.LVL22:
 329:Core/Src/main.c ****   {
 769              		.loc 1 329 6 discriminator 1 view .LVU228
 770 0040 48B9     		cbnz	r0, .L51
 333:Core/Src/main.c ****   sMasterConfig.MasterSlaveMode = TIM_MASTERSLAVEMODE_DISABLE;
 771              		.loc 1 333 3 is_stmt 1 view .LVU229
ARM GAS  C:\Users\CuongLe\AppData\Local\Temp\cca9pI0g.s 			page 44


 333:Core/Src/main.c ****   sMasterConfig.MasterSlaveMode = TIM_MASTERSLAVEMODE_DISABLE;
 772              		.loc 1 333 37 is_stmt 0 view .LVU230
 773 0042 0023     		movs	r3, #0
 774 0044 0193     		str	r3, [sp, #4]
 334:Core/Src/main.c ****   if (HAL_TIMEx_MasterConfigSynchronization(&htim3, &sMasterConfig) != HAL_OK)
 775              		.loc 1 334 3 is_stmt 1 view .LVU231
 334:Core/Src/main.c ****   if (HAL_TIMEx_MasterConfigSynchronization(&htim3, &sMasterConfig) != HAL_OK)
 776              		.loc 1 334 33 is_stmt 0 view .LVU232
 777 0046 0293     		str	r3, [sp, #8]
 335:Core/Src/main.c ****   {
 778              		.loc 1 335 3 is_stmt 1 view .LVU233
 335:Core/Src/main.c ****   {
 779              		.loc 1 335 7 is_stmt 0 view .LVU234
 780 0048 01A9     		add	r1, sp, #4
 781 004a 0548     		ldr	r0, .L53
 782 004c FFF7FEFF 		bl	HAL_TIMEx_MasterConfigSynchronization
 783              	.LVL23:
 335:Core/Src/main.c ****   {
 784              		.loc 1 335 6 discriminator 1 view .LVU235
 785 0050 18B9     		cbnz	r0, .L52
 343:Core/Src/main.c **** 
 786              		.loc 1 343 1 view .LVU236
 787 0052 0CB0     		add	sp, sp, #48
 788              	.LCFI22:
 789              		.cfi_remember_state
 790              		.cfi_def_cfa_offset 8
 791              		@ sp needed
 792 0054 10BD     		pop	{r4, pc}
 793              	.L51:
 794              	.LCFI23:
 795              		.cfi_restore_state
 331:Core/Src/main.c ****   }
 796              		.loc 1 331 5 is_stmt 1 view .LVU237
 797 0056 FFF7FEFF 		bl	Error_Handler
 798              	.LVL24:
 799              	.L52:
 337:Core/Src/main.c ****   }
 800              		.loc 1 337 5 view .LVU238
 801 005a FFF7FEFF 		bl	Error_Handler
 802              	.LVL25:
 803              	.L54:
 804 005e 00BF     		.align	2
 805              	.L53:
 806 0060 00000000 		.word	htim3
 807 0064 00040040 		.word	1073742848
 808              		.cfi_endproc
 809              	.LFE292:
 811              		.section	.text.MX_ADC1_Init,"ax",%progbits
 812              		.align	1
 813              		.syntax unified
 814              		.thumb
 815              		.thumb_func
 817              	MX_ADC1_Init:
 818              	.LFB290:
 201:Core/Src/main.c **** 
 819              		.loc 1 201 1 view -0
 820              		.cfi_startproc
ARM GAS  C:\Users\CuongLe\AppData\Local\Temp\cca9pI0g.s 			page 45


 821              		@ args = 0, pretend = 0, frame = 16
 822              		@ frame_needed = 0, uses_anonymous_args = 0
 823 0000 00B5     		push	{lr}
 824              	.LCFI24:
 825              		.cfi_def_cfa_offset 4
 826              		.cfi_offset 14, -4
 827 0002 85B0     		sub	sp, sp, #20
 828              	.LCFI25:
 829              		.cfi_def_cfa_offset 24
 207:Core/Src/main.c **** 
 830              		.loc 1 207 3 view .LVU240
 207:Core/Src/main.c **** 
 831              		.loc 1 207 26 is_stmt 0 view .LVU241
 832 0004 0023     		movs	r3, #0
 833 0006 0093     		str	r3, [sp]
 834 0008 0193     		str	r3, [sp, #4]
 835 000a 0293     		str	r3, [sp, #8]
 836 000c 0393     		str	r3, [sp, #12]
 215:Core/Src/main.c ****   hadc1.Init.ClockPrescaler = ADC_CLOCK_SYNC_PCLK_DIV4;
 837              		.loc 1 215 3 is_stmt 1 view .LVU242
 215:Core/Src/main.c ****   hadc1.Init.ClockPrescaler = ADC_CLOCK_SYNC_PCLK_DIV4;
 838              		.loc 1 215 18 is_stmt 0 view .LVU243
 839 000e 1448     		ldr	r0, .L61
 840 0010 144A     		ldr	r2, .L61+4
 841 0012 0260     		str	r2, [r0]
 216:Core/Src/main.c ****   hadc1.Init.Resolution = ADC_RESOLUTION_12B;
 842              		.loc 1 216 3 is_stmt 1 view .LVU244
 216:Core/Src/main.c ****   hadc1.Init.Resolution = ADC_RESOLUTION_12B;
 843              		.loc 1 216 29 is_stmt 0 view .LVU245
 844 0014 4FF48032 		mov	r2, #65536
 845 0018 4260     		str	r2, [r0, #4]
 217:Core/Src/main.c ****   hadc1.Init.ScanConvMode = DISABLE;
 846              		.loc 1 217 3 is_stmt 1 view .LVU246
 217:Core/Src/main.c ****   hadc1.Init.ScanConvMode = DISABLE;
 847              		.loc 1 217 25 is_stmt 0 view .LVU247
 848 001a 8360     		str	r3, [r0, #8]
 218:Core/Src/main.c ****   hadc1.Init.ContinuousConvMode = ENABLE;
 849              		.loc 1 218 3 is_stmt 1 view .LVU248
 218:Core/Src/main.c ****   hadc1.Init.ContinuousConvMode = ENABLE;
 850              		.loc 1 218 27 is_stmt 0 view .LVU249
 851 001c 0361     		str	r3, [r0, #16]
 219:Core/Src/main.c ****   hadc1.Init.DiscontinuousConvMode = DISABLE;
 852              		.loc 1 219 3 is_stmt 1 view .LVU250
 219:Core/Src/main.c ****   hadc1.Init.DiscontinuousConvMode = DISABLE;
 853              		.loc 1 219 33 is_stmt 0 view .LVU251
 854 001e 0122     		movs	r2, #1
 855 0020 0276     		strb	r2, [r0, #24]
 220:Core/Src/main.c ****   hadc1.Init.ExternalTrigConvEdge = ADC_EXTERNALTRIGCONVEDGE_NONE;
 856              		.loc 1 220 3 is_stmt 1 view .LVU252
 220:Core/Src/main.c ****   hadc1.Init.ExternalTrigConvEdge = ADC_EXTERNALTRIGCONVEDGE_NONE;
 857              		.loc 1 220 36 is_stmt 0 view .LVU253
 858 0022 80F82030 		strb	r3, [r0, #32]
 221:Core/Src/main.c ****   hadc1.Init.ExternalTrigConv = ADC_SOFTWARE_START;
 859              		.loc 1 221 3 is_stmt 1 view .LVU254
 221:Core/Src/main.c ****   hadc1.Init.ExternalTrigConv = ADC_SOFTWARE_START;
 860              		.loc 1 221 35 is_stmt 0 view .LVU255
 861 0026 C362     		str	r3, [r0, #44]
ARM GAS  C:\Users\CuongLe\AppData\Local\Temp\cca9pI0g.s 			page 46


 222:Core/Src/main.c ****   hadc1.Init.DataAlign = ADC_DATAALIGN_RIGHT;
 862              		.loc 1 222 3 is_stmt 1 view .LVU256
 222:Core/Src/main.c ****   hadc1.Init.DataAlign = ADC_DATAALIGN_RIGHT;
 863              		.loc 1 222 31 is_stmt 0 view .LVU257
 864 0028 0F49     		ldr	r1, .L61+8
 865 002a 8162     		str	r1, [r0, #40]
 223:Core/Src/main.c ****   hadc1.Init.NbrOfConversion = 1;
 866              		.loc 1 223 3 is_stmt 1 view .LVU258
 223:Core/Src/main.c ****   hadc1.Init.NbrOfConversion = 1;
 867              		.loc 1 223 24 is_stmt 0 view .LVU259
 868 002c C360     		str	r3, [r0, #12]
 224:Core/Src/main.c ****   hadc1.Init.DMAContinuousRequests = ENABLE;
 869              		.loc 1 224 3 is_stmt 1 view .LVU260
 224:Core/Src/main.c ****   hadc1.Init.DMAContinuousRequests = ENABLE;
 870              		.loc 1 224 30 is_stmt 0 view .LVU261
 871 002e C261     		str	r2, [r0, #28]
 225:Core/Src/main.c ****   hadc1.Init.EOCSelection = ADC_EOC_SINGLE_CONV;
 872              		.loc 1 225 3 is_stmt 1 view .LVU262
 225:Core/Src/main.c ****   hadc1.Init.EOCSelection = ADC_EOC_SINGLE_CONV;
 873              		.loc 1 225 36 is_stmt 0 view .LVU263
 874 0030 80F83020 		strb	r2, [r0, #48]
 226:Core/Src/main.c ****   if (HAL_ADC_Init(&hadc1) != HAL_OK)
 875              		.loc 1 226 3 is_stmt 1 view .LVU264
 226:Core/Src/main.c ****   if (HAL_ADC_Init(&hadc1) != HAL_OK)
 876              		.loc 1 226 27 is_stmt 0 view .LVU265
 877 0034 4261     		str	r2, [r0, #20]
 227:Core/Src/main.c ****   {
 878              		.loc 1 227 3 is_stmt 1 view .LVU266
 227:Core/Src/main.c ****   {
 879              		.loc 1 227 7 is_stmt 0 view .LVU267
 880 0036 FFF7FEFF 		bl	HAL_ADC_Init
 881              	.LVL26:
 227:Core/Src/main.c ****   {
 882              		.loc 1 227 6 discriminator 1 view .LVU268
 883 003a 60B9     		cbnz	r0, .L59
 234:Core/Src/main.c ****   sConfig.Rank = 1;
 884              		.loc 1 234 3 is_stmt 1 view .LVU269
 234:Core/Src/main.c ****   sConfig.Rank = 1;
 885              		.loc 1 234 19 is_stmt 0 view .LVU270
 886 003c 0523     		movs	r3, #5
 887 003e 0093     		str	r3, [sp]
 235:Core/Src/main.c ****   sConfig.SamplingTime = ADC_SAMPLETIME_15CYCLES;
 888              		.loc 1 235 3 is_stmt 1 view .LVU271
 235:Core/Src/main.c ****   sConfig.SamplingTime = ADC_SAMPLETIME_15CYCLES;
 889              		.loc 1 235 16 is_stmt 0 view .LVU272
 890 0040 0123     		movs	r3, #1
 891 0042 0193     		str	r3, [sp, #4]
 236:Core/Src/main.c ****   if (HAL_ADC_ConfigChannel(&hadc1, &sConfig) != HAL_OK)
 892              		.loc 1 236 3 is_stmt 1 view .LVU273
 236:Core/Src/main.c ****   if (HAL_ADC_ConfigChannel(&hadc1, &sConfig) != HAL_OK)
 893              		.loc 1 236 24 is_stmt 0 view .LVU274
 894 0044 0293     		str	r3, [sp, #8]
 237:Core/Src/main.c ****   {
 895              		.loc 1 237 3 is_stmt 1 view .LVU275
 237:Core/Src/main.c ****   {
 896              		.loc 1 237 7 is_stmt 0 view .LVU276
 897 0046 6946     		mov	r1, sp
ARM GAS  C:\Users\CuongLe\AppData\Local\Temp\cca9pI0g.s 			page 47


 898 0048 0548     		ldr	r0, .L61
 899 004a FFF7FEFF 		bl	HAL_ADC_ConfigChannel
 900              	.LVL27:
 237:Core/Src/main.c ****   {
 901              		.loc 1 237 6 discriminator 1 view .LVU277
 902 004e 20B9     		cbnz	r0, .L60
 245:Core/Src/main.c **** 
 903              		.loc 1 245 1 view .LVU278
 904 0050 05B0     		add	sp, sp, #20
 905              	.LCFI26:
 906              		.cfi_remember_state
 907              		.cfi_def_cfa_offset 4
 908              		@ sp needed
 909 0052 5DF804FB 		ldr	pc, [sp], #4
 910              	.L59:
 911              	.LCFI27:
 912              		.cfi_restore_state
 229:Core/Src/main.c ****   }
 913              		.loc 1 229 5 is_stmt 1 view .LVU279
 914 0056 FFF7FEFF 		bl	Error_Handler
 915              	.LVL28:
 916              	.L60:
 239:Core/Src/main.c ****   }
 917              		.loc 1 239 5 view .LVU280
 918 005a FFF7FEFF 		bl	Error_Handler
 919              	.LVL29:
 920              	.L62:
 921 005e 00BF     		.align	2
 922              	.L61:
 923 0060 00000000 		.word	hadc1
 924 0064 00200140 		.word	1073815552
 925 0068 0100000F 		.word	251658241
 926              		.cfi_endproc
 927              	.LFE290:
 929              		.section	.text.SystemClock_Config,"ax",%progbits
 930              		.align	1
 931              		.global	SystemClock_Config
 932              		.syntax unified
 933              		.thumb
 934              		.thumb_func
 936              	SystemClock_Config:
 937              	.LFB289:
 154:Core/Src/main.c ****   RCC_OscInitTypeDef RCC_OscInitStruct = {0};
 938              		.loc 1 154 1 view -0
 939              		.cfi_startproc
 940              		@ args = 0, pretend = 0, frame = 80
 941              		@ frame_needed = 0, uses_anonymous_args = 0
 942 0000 10B5     		push	{r4, lr}
 943              	.LCFI28:
 944              		.cfi_def_cfa_offset 8
 945              		.cfi_offset 4, -8
 946              		.cfi_offset 14, -4
 947 0002 94B0     		sub	sp, sp, #80
 948              	.LCFI29:
 949              		.cfi_def_cfa_offset 88
 155:Core/Src/main.c ****   RCC_ClkInitTypeDef RCC_ClkInitStruct = {0};
 950              		.loc 1 155 3 view .LVU282
ARM GAS  C:\Users\CuongLe\AppData\Local\Temp\cca9pI0g.s 			page 48


 155:Core/Src/main.c ****   RCC_ClkInitTypeDef RCC_ClkInitStruct = {0};
 951              		.loc 1 155 22 is_stmt 0 view .LVU283
 952 0004 08AC     		add	r4, sp, #32
 953 0006 3022     		movs	r2, #48
 954 0008 0021     		movs	r1, #0
 955 000a 2046     		mov	r0, r4
 956 000c FFF7FEFF 		bl	memset
 957              	.LVL30:
 156:Core/Src/main.c **** 
 958              		.loc 1 156 3 is_stmt 1 view .LVU284
 156:Core/Src/main.c **** 
 959              		.loc 1 156 22 is_stmt 0 view .LVU285
 960 0010 0023     		movs	r3, #0
 961 0012 0393     		str	r3, [sp, #12]
 962 0014 0493     		str	r3, [sp, #16]
 963 0016 0593     		str	r3, [sp, #20]
 964 0018 0693     		str	r3, [sp, #24]
 965 001a 0793     		str	r3, [sp, #28]
 160:Core/Src/main.c ****   __HAL_PWR_VOLTAGESCALING_CONFIG(PWR_REGULATOR_VOLTAGE_SCALE1);
 966              		.loc 1 160 3 is_stmt 1 view .LVU286
 967              	.LBB11:
 160:Core/Src/main.c ****   __HAL_PWR_VOLTAGESCALING_CONFIG(PWR_REGULATOR_VOLTAGE_SCALE1);
 968              		.loc 1 160 3 view .LVU287
 969 001c 0193     		str	r3, [sp, #4]
 160:Core/Src/main.c ****   __HAL_PWR_VOLTAGESCALING_CONFIG(PWR_REGULATOR_VOLTAGE_SCALE1);
 970              		.loc 1 160 3 view .LVU288
 971 001e 1F4A     		ldr	r2, .L69
 972 0020 116C     		ldr	r1, [r2, #64]
 973 0022 41F08051 		orr	r1, r1, #268435456
 974 0026 1164     		str	r1, [r2, #64]
 160:Core/Src/main.c ****   __HAL_PWR_VOLTAGESCALING_CONFIG(PWR_REGULATOR_VOLTAGE_SCALE1);
 975              		.loc 1 160 3 view .LVU289
 976 0028 126C     		ldr	r2, [r2, #64]
 977 002a 02F08052 		and	r2, r2, #268435456
 978 002e 0192     		str	r2, [sp, #4]
 160:Core/Src/main.c ****   __HAL_PWR_VOLTAGESCALING_CONFIG(PWR_REGULATOR_VOLTAGE_SCALE1);
 979              		.loc 1 160 3 view .LVU290
 980 0030 019A     		ldr	r2, [sp, #4]
 981              	.LBE11:
 160:Core/Src/main.c ****   __HAL_PWR_VOLTAGESCALING_CONFIG(PWR_REGULATOR_VOLTAGE_SCALE1);
 982              		.loc 1 160 3 view .LVU291
 161:Core/Src/main.c **** 
 983              		.loc 1 161 3 view .LVU292
 984              	.LBB12:
 161:Core/Src/main.c **** 
 985              		.loc 1 161 3 view .LVU293
 986 0032 0293     		str	r3, [sp, #8]
 161:Core/Src/main.c **** 
 987              		.loc 1 161 3 view .LVU294
 988 0034 1A4A     		ldr	r2, .L69+4
 989 0036 1168     		ldr	r1, [r2]
 990 0038 41F48041 		orr	r1, r1, #16384
 991 003c 1160     		str	r1, [r2]
 161:Core/Src/main.c **** 
 992              		.loc 1 161 3 view .LVU295
 993 003e 1268     		ldr	r2, [r2]
 994 0040 02F48042 		and	r2, r2, #16384
ARM GAS  C:\Users\CuongLe\AppData\Local\Temp\cca9pI0g.s 			page 49


 995 0044 0292     		str	r2, [sp, #8]
 161:Core/Src/main.c **** 
 996              		.loc 1 161 3 view .LVU296
 997 0046 029A     		ldr	r2, [sp, #8]
 998              	.LBE12:
 161:Core/Src/main.c **** 
 999              		.loc 1 161 3 view .LVU297
 166:Core/Src/main.c ****   RCC_OscInitStruct.HSIState = RCC_HSI_ON;
 1000              		.loc 1 166 3 view .LVU298
 166:Core/Src/main.c ****   RCC_OscInitStruct.HSIState = RCC_HSI_ON;
 1001              		.loc 1 166 36 is_stmt 0 view .LVU299
 1002 0048 0222     		movs	r2, #2
 1003 004a 0892     		str	r2, [sp, #32]
 167:Core/Src/main.c ****   RCC_OscInitStruct.HSICalibrationValue = RCC_HSICALIBRATION_DEFAULT;
 1004              		.loc 1 167 3 is_stmt 1 view .LVU300
 167:Core/Src/main.c ****   RCC_OscInitStruct.HSICalibrationValue = RCC_HSICALIBRATION_DEFAULT;
 1005              		.loc 1 167 30 is_stmt 0 view .LVU301
 1006 004c 0121     		movs	r1, #1
 1007 004e 0B91     		str	r1, [sp, #44]
 168:Core/Src/main.c ****   RCC_OscInitStruct.PLL.PLLState = RCC_PLL_ON;
 1008              		.loc 1 168 3 is_stmt 1 view .LVU302
 168:Core/Src/main.c ****   RCC_OscInitStruct.PLL.PLLState = RCC_PLL_ON;
 1009              		.loc 1 168 41 is_stmt 0 view .LVU303
 1010 0050 1021     		movs	r1, #16
 1011 0052 0C91     		str	r1, [sp, #48]
 169:Core/Src/main.c ****   RCC_OscInitStruct.PLL.PLLSource = RCC_PLLSOURCE_HSI;
 1012              		.loc 1 169 3 is_stmt 1 view .LVU304
 169:Core/Src/main.c ****   RCC_OscInitStruct.PLL.PLLSource = RCC_PLLSOURCE_HSI;
 1013              		.loc 1 169 34 is_stmt 0 view .LVU305
 1014 0054 0E92     		str	r2, [sp, #56]
 170:Core/Src/main.c ****   RCC_OscInitStruct.PLL.PLLM = 8;
 1015              		.loc 1 170 3 is_stmt 1 view .LVU306
 170:Core/Src/main.c ****   RCC_OscInitStruct.PLL.PLLM = 8;
 1016              		.loc 1 170 35 is_stmt 0 view .LVU307
 1017 0056 0F93     		str	r3, [sp, #60]
 171:Core/Src/main.c ****   RCC_OscInitStruct.PLL.PLLN = 168;
 1018              		.loc 1 171 3 is_stmt 1 view .LVU308
 171:Core/Src/main.c ****   RCC_OscInitStruct.PLL.PLLN = 168;
 1019              		.loc 1 171 30 is_stmt 0 view .LVU309
 1020 0058 0823     		movs	r3, #8
 1021 005a 1093     		str	r3, [sp, #64]
 172:Core/Src/main.c ****   RCC_OscInitStruct.PLL.PLLP = RCC_PLLP_DIV2;
 1022              		.loc 1 172 3 is_stmt 1 view .LVU310
 172:Core/Src/main.c ****   RCC_OscInitStruct.PLL.PLLP = RCC_PLLP_DIV2;
 1023              		.loc 1 172 30 is_stmt 0 view .LVU311
 1024 005c A823     		movs	r3, #168
 1025 005e 1193     		str	r3, [sp, #68]
 173:Core/Src/main.c ****   RCC_OscInitStruct.PLL.PLLQ = 4;
 1026              		.loc 1 173 3 is_stmt 1 view .LVU312
 173:Core/Src/main.c ****   RCC_OscInitStruct.PLL.PLLQ = 4;
 1027              		.loc 1 173 30 is_stmt 0 view .LVU313
 1028 0060 1292     		str	r2, [sp, #72]
 174:Core/Src/main.c ****   if (HAL_RCC_OscConfig(&RCC_OscInitStruct) != HAL_OK)
 1029              		.loc 1 174 3 is_stmt 1 view .LVU314
 174:Core/Src/main.c ****   if (HAL_RCC_OscConfig(&RCC_OscInitStruct) != HAL_OK)
 1030              		.loc 1 174 30 is_stmt 0 view .LVU315
 1031 0062 0423     		movs	r3, #4
ARM GAS  C:\Users\CuongLe\AppData\Local\Temp\cca9pI0g.s 			page 50


 1032 0064 1393     		str	r3, [sp, #76]
 175:Core/Src/main.c ****   {
 1033              		.loc 1 175 3 is_stmt 1 view .LVU316
 175:Core/Src/main.c ****   {
 1034              		.loc 1 175 7 is_stmt 0 view .LVU317
 1035 0066 2046     		mov	r0, r4
 1036 0068 FFF7FEFF 		bl	HAL_RCC_OscConfig
 1037              	.LVL31:
 175:Core/Src/main.c ****   {
 1038              		.loc 1 175 6 discriminator 1 view .LVU318
 1039 006c 90B9     		cbnz	r0, .L67
 182:Core/Src/main.c ****                               |RCC_CLOCKTYPE_PCLK1|RCC_CLOCKTYPE_PCLK2;
 1040              		.loc 1 182 3 is_stmt 1 view .LVU319
 182:Core/Src/main.c ****                               |RCC_CLOCKTYPE_PCLK1|RCC_CLOCKTYPE_PCLK2;
 1041              		.loc 1 182 31 is_stmt 0 view .LVU320
 1042 006e 0F23     		movs	r3, #15
 1043 0070 0393     		str	r3, [sp, #12]
 184:Core/Src/main.c ****   RCC_ClkInitStruct.AHBCLKDivider = RCC_SYSCLK_DIV1;
 1044              		.loc 1 184 3 is_stmt 1 view .LVU321
 184:Core/Src/main.c ****   RCC_ClkInitStruct.AHBCLKDivider = RCC_SYSCLK_DIV1;
 1045              		.loc 1 184 34 is_stmt 0 view .LVU322
 1046 0072 0223     		movs	r3, #2
 1047 0074 0493     		str	r3, [sp, #16]
 185:Core/Src/main.c ****   RCC_ClkInitStruct.APB1CLKDivider = RCC_HCLK_DIV4;
 1048              		.loc 1 185 3 is_stmt 1 view .LVU323
 185:Core/Src/main.c ****   RCC_ClkInitStruct.APB1CLKDivider = RCC_HCLK_DIV4;
 1049              		.loc 1 185 35 is_stmt 0 view .LVU324
 1050 0076 0023     		movs	r3, #0
 1051 0078 0593     		str	r3, [sp, #20]
 186:Core/Src/main.c ****   RCC_ClkInitStruct.APB2CLKDivider = RCC_HCLK_DIV2;
 1052              		.loc 1 186 3 is_stmt 1 view .LVU325
 186:Core/Src/main.c ****   RCC_ClkInitStruct.APB2CLKDivider = RCC_HCLK_DIV2;
 1053              		.loc 1 186 36 is_stmt 0 view .LVU326
 1054 007a 4FF4A053 		mov	r3, #5120
 1055 007e 0693     		str	r3, [sp, #24]
 187:Core/Src/main.c **** 
 1056              		.loc 1 187 3 is_stmt 1 view .LVU327
 187:Core/Src/main.c **** 
 1057              		.loc 1 187 36 is_stmt 0 view .LVU328
 1058 0080 4FF48053 		mov	r3, #4096
 1059 0084 0793     		str	r3, [sp, #28]
 189:Core/Src/main.c ****   {
 1060              		.loc 1 189 3 is_stmt 1 view .LVU329
 189:Core/Src/main.c ****   {
 1061              		.loc 1 189 7 is_stmt 0 view .LVU330
 1062 0086 0521     		movs	r1, #5
 1063 0088 03A8     		add	r0, sp, #12
 1064 008a FFF7FEFF 		bl	HAL_RCC_ClockConfig
 1065              	.LVL32:
 189:Core/Src/main.c ****   {
 1066              		.loc 1 189 6 discriminator 1 view .LVU331
 1067 008e 18B9     		cbnz	r0, .L68
 193:Core/Src/main.c **** 
 1068              		.loc 1 193 1 view .LVU332
 1069 0090 14B0     		add	sp, sp, #80
 1070              	.LCFI30:
 1071              		.cfi_remember_state
ARM GAS  C:\Users\CuongLe\AppData\Local\Temp\cca9pI0g.s 			page 51


 1072              		.cfi_def_cfa_offset 8
 1073              		@ sp needed
 1074 0092 10BD     		pop	{r4, pc}
 1075              	.L67:
 1076              	.LCFI31:
 1077              		.cfi_restore_state
 177:Core/Src/main.c ****   }
 1078              		.loc 1 177 5 is_stmt 1 view .LVU333
 1079 0094 FFF7FEFF 		bl	Error_Handler
 1080              	.LVL33:
 1081              	.L68:
 191:Core/Src/main.c ****   }
 1082              		.loc 1 191 5 view .LVU334
 1083 0098 FFF7FEFF 		bl	Error_Handler
 1084              	.LVL34:
 1085              	.L70:
 1086              		.align	2
 1087              	.L69:
 1088 009c 00380240 		.word	1073887232
 1089 00a0 00700040 		.word	1073770496
 1090              		.cfi_endproc
 1091              	.LFE289:
 1093              		.section	.text.main,"ax",%progbits
 1094              		.align	1
 1095              		.global	main
 1096              		.syntax unified
 1097              		.thumb
 1098              		.thumb_func
 1100              	main:
 1101              	.LFB288:
  91:Core/Src/main.c **** 
 1102              		.loc 1 91 1 view -0
 1103              		.cfi_startproc
 1104              		@ Volatile: function does not return.
 1105              		@ args = 0, pretend = 0, frame = 0
 1106              		@ frame_needed = 0, uses_anonymous_args = 0
 1107 0000 08B5     		push	{r3, lr}
 1108              	.LCFI32:
 1109              		.cfi_def_cfa_offset 8
 1110              		.cfi_offset 3, -8
 1111              		.cfi_offset 14, -4
 100:Core/Src/main.c **** 
 1112              		.loc 1 100 3 view .LVU336
 1113 0002 FFF7FEFF 		bl	HAL_Init
 1114              	.LVL35:
 107:Core/Src/main.c **** 
 1115              		.loc 1 107 3 view .LVU337
 1116 0006 FFF7FEFF 		bl	SystemClock_Config
 1117              	.LVL36:
 114:Core/Src/main.c ****   MX_DMA_Init();
 1118              		.loc 1 114 3 view .LVU338
 1119 000a FFF7FEFF 		bl	MX_GPIO_Init
 1120              	.LVL37:
 115:Core/Src/main.c ****   MX_TIM2_Init();
 1121              		.loc 1 115 3 view .LVU339
 1122 000e FFF7FEFF 		bl	MX_DMA_Init
 1123              	.LVL38:
ARM GAS  C:\Users\CuongLe\AppData\Local\Temp\cca9pI0g.s 			page 52


 116:Core/Src/main.c ****   MX_USART2_UART_Init();
 1124              		.loc 1 116 3 view .LVU340
 1125 0012 FFF7FEFF 		bl	MX_TIM2_Init
 1126              	.LVL39:
 117:Core/Src/main.c ****   MX_USART3_UART_Init();
 1127              		.loc 1 117 3 view .LVU341
 1128 0016 FFF7FEFF 		bl	MX_USART2_UART_Init
 1129              	.LVL40:
 118:Core/Src/main.c ****   MX_TIM6_Init();
 1130              		.loc 1 118 3 view .LVU342
 1131 001a FFF7FEFF 		bl	MX_USART3_UART_Init
 1132              	.LVL41:
 119:Core/Src/main.c ****   MX_TIM7_Init();
 1133              		.loc 1 119 3 view .LVU343
 1134 001e FFF7FEFF 		bl	MX_TIM6_Init
 1135              	.LVL42:
 120:Core/Src/main.c ****   MX_TIM3_Init();
 1136              		.loc 1 120 3 view .LVU344
 1137 0022 FFF7FEFF 		bl	MX_TIM7_Init
 1138              	.LVL43:
 121:Core/Src/main.c ****   MX_ADC1_Init();
 1139              		.loc 1 121 3 view .LVU345
 1140 0026 FFF7FEFF 		bl	MX_TIM3_Init
 1141              	.LVL44:
 122:Core/Src/main.c ****   /* USER CODE BEGIN 2 */
 1142              		.loc 1 122 3 view .LVU346
 1143 002a FFF7FEFF 		bl	MX_ADC1_Init
 1144              	.LVL45:
 125:Core/Src/main.c ****   computer.super.start(computer_AO, 3, 20, 2000);
 1145              		.loc 1 125 3 view .LVU347
 125:Core/Src/main.c ****   computer.super.start(computer_AO, 3, 20, 2000);
 1146              		.loc 1 125 11 is_stmt 0 view .LVU348
 1147 002e 154B     		ldr	r3, .L74
 1148 0030 1B68     		ldr	r3, [r3]
 125:Core/Src/main.c ****   computer.super.start(computer_AO, 3, 20, 2000);
 1149              		.loc 1 125 3 view .LVU349
 1150 0032 154C     		ldr	r4, .L74+4
 1151 0034 2046     		mov	r0, r4
 1152 0036 9847     		blx	r3
 1153              	.LVL46:
 126:Core/Src/main.c **** 
 1154              		.loc 1 126 3 is_stmt 1 view .LVU350
 126:Core/Src/main.c **** 
 1155              		.loc 1 126 17 is_stmt 0 view .LVU351
 1156 0038 D4F8BC50 		ldr	r5, [r4, #188]
 126:Core/Src/main.c **** 
 1157              		.loc 1 126 3 view .LVU352
 1158 003c 4FF4FA63 		mov	r3, #2000
 1159 0040 1422     		movs	r2, #20
 1160 0042 0321     		movs	r1, #3
 1161 0044 2046     		mov	r0, r4
 1162 0046 A847     		blx	r5
 1163              	.LVL47:
 128:Core/Src/main.c ****   estimator.super.start(estimator_AO, 2, 25, 3500);
 1164              		.loc 1 128 3 is_stmt 1 view .LVU353
 128:Core/Src/main.c ****   estimator.super.start(estimator_AO, 2, 25, 3500);
 1165              		.loc 1 128 12 is_stmt 0 view .LVU354
ARM GAS  C:\Users\CuongLe\AppData\Local\Temp\cca9pI0g.s 			page 53


 1166 0048 104B     		ldr	r3, .L74+8
 1167 004a 1B68     		ldr	r3, [r3]
 128:Core/Src/main.c ****   estimator.super.start(estimator_AO, 2, 25, 3500);
 1168              		.loc 1 128 3 view .LVU355
 1169 004c 104C     		ldr	r4, .L74+12
 1170 004e 2046     		mov	r0, r4
 1171 0050 9847     		blx	r3
 1172              	.LVL48:
 129:Core/Src/main.c **** 
 1173              		.loc 1 129 3 is_stmt 1 view .LVU356
 129:Core/Src/main.c **** 
 1174              		.loc 1 129 18 is_stmt 0 view .LVU357
 1175 0052 D4F8BC50 		ldr	r5, [r4, #188]
 129:Core/Src/main.c **** 
 1176              		.loc 1 129 3 view .LVU358
 1177 0056 40F6AC53 		movw	r3, #3500
 1178 005a 1922     		movs	r2, #25
 1179 005c 0221     		movs	r1, #2
 1180 005e 2046     		mov	r0, r4
 1181 0060 A847     		blx	r5
 1182              	.LVL49:
 131:Core/Src/main.c ****   motor.super.start(motor_AO, 1, 20, 1500);
 1183              		.loc 1 131 3 is_stmt 1 view .LVU359
 131:Core/Src/main.c ****   motor.super.start(motor_AO, 1, 20, 1500);
 1184              		.loc 1 131 8 is_stmt 0 view .LVU360
 1185 0062 0C4B     		ldr	r3, .L74+16
 1186 0064 1B68     		ldr	r3, [r3]
 131:Core/Src/main.c ****   motor.super.start(motor_AO, 1, 20, 1500);
 1187              		.loc 1 131 3 view .LVU361
 1188 0066 0C4C     		ldr	r4, .L74+20
 1189 0068 2046     		mov	r0, r4
 1190 006a 9847     		blx	r3
 1191              	.LVL50:
 132:Core/Src/main.c **** 
 1192              		.loc 1 132 3 is_stmt 1 view .LVU362
 132:Core/Src/main.c **** 
 1193              		.loc 1 132 14 is_stmt 0 view .LVU363
 1194 006c D4F8BC50 		ldr	r5, [r4, #188]
 132:Core/Src/main.c **** 
 1195              		.loc 1 132 3 view .LVU364
 1196 0070 40F2DC53 		movw	r3, #1500
 1197 0074 1422     		movs	r2, #20
 1198 0076 0121     		movs	r1, #1
 1199 0078 2046     		mov	r0, r4
 1200 007a A847     		blx	r5
 1201              	.LVL51:
 134:Core/Src/main.c **** 
 1202              		.loc 1 134 3 is_stmt 1 view .LVU365
 1203 007c FFF7FEFF 		bl	vTaskStartScheduler
 1204              	.LVL52:
 1205              	.L72:
 140:Core/Src/main.c ****   {
 1206              		.loc 1 140 3 view .LVU366
 145:Core/Src/main.c ****   /* USER CODE END 3 */
 1207              		.loc 1 145 3 view .LVU367
 140:Core/Src/main.c ****   {
 1208              		.loc 1 140 9 view .LVU368
ARM GAS  C:\Users\CuongLe\AppData\Local\Temp\cca9pI0g.s 			page 54


 1209 0080 FEE7     		b	.L72
 1210              	.L75:
 1211 0082 00BF     		.align	2
 1212              	.L74:
 1213 0084 00000000 		.word	Computer
 1214 0088 00000000 		.word	computer
 1215 008c 00000000 		.word	Estimator
 1216 0090 00000000 		.word	estimator
 1217 0094 00000000 		.word	Motor
 1218 0098 00000000 		.word	motor
 1219              		.cfi_endproc
 1220              	.LFE288:
 1222              		.section	.bss.motor,"aw",%nobits
 1223              		.align	2
 1226              	motor:
 1227 0000 00000000 		.space	236
 1227      00000000 
 1227      00000000 
 1227      00000000 
 1227      00000000 
 1228              		.section	.bss.estimator,"aw",%nobits
 1229              		.align	2
 1232              	estimator:
 1233 0000 00000000 		.space	232
 1233      00000000 
 1233      00000000 
 1233      00000000 
 1233      00000000 
 1234              		.section	.bss.computer,"aw",%nobits
 1235              		.align	2
 1238              	computer:
 1239 0000 00000000 		.space	228
 1239      00000000 
 1239      00000000 
 1239      00000000 
 1239      00000000 
 1240              		.global	huart3
 1241              		.section	.bss.huart3,"aw",%nobits
 1242              		.align	2
 1245              	huart3:
 1246 0000 00000000 		.space	72
 1246      00000000 
 1246      00000000 
 1246      00000000 
 1246      00000000 
 1247              		.global	huart2
 1248              		.section	.bss.huart2,"aw",%nobits
 1249              		.align	2
 1252              	huart2:
 1253 0000 00000000 		.space	72
 1253      00000000 
 1253      00000000 
 1253      00000000 
 1253      00000000 
 1254              		.global	htim7
 1255              		.section	.bss.htim7,"aw",%nobits
 1256              		.align	2
ARM GAS  C:\Users\CuongLe\AppData\Local\Temp\cca9pI0g.s 			page 55


 1259              	htim7:
 1260 0000 00000000 		.space	72
 1260      00000000 
 1260      00000000 
 1260      00000000 
 1260      00000000 
 1261              		.global	htim6
 1262              		.section	.bss.htim6,"aw",%nobits
 1263              		.align	2
 1266              	htim6:
 1267 0000 00000000 		.space	72
 1267      00000000 
 1267      00000000 
 1267      00000000 
 1267      00000000 
 1268              		.global	htim3
 1269              		.section	.bss.htim3,"aw",%nobits
 1270              		.align	2
 1273              	htim3:
 1274 0000 00000000 		.space	72
 1274      00000000 
 1274      00000000 
 1274      00000000 
 1274      00000000 
 1275              		.global	htim2
 1276              		.section	.bss.htim2,"aw",%nobits
 1277              		.align	2
 1280              	htim2:
 1281 0000 00000000 		.space	72
 1281      00000000 
 1281      00000000 
 1281      00000000 
 1281      00000000 
 1282              		.global	hdma_adc1
 1283              		.section	.bss.hdma_adc1,"aw",%nobits
 1284              		.align	2
 1287              	hdma_adc1:
 1288 0000 00000000 		.space	96
 1288      00000000 
 1288      00000000 
 1288      00000000 
 1288      00000000 
 1289              		.global	hadc1
 1290              		.section	.bss.hadc1,"aw",%nobits
 1291              		.align	2
 1294              	hadc1:
 1295 0000 00000000 		.space	72
 1295      00000000 
 1295      00000000 
 1295      00000000 
 1295      00000000 
 1296              		.text
 1297              	.Letext0:
 1298              		.file 3 "Drivers/CMSIS/Device/ST/STM32F4xx/Include/stm32f407xx.h"
 1299              		.file 4 "D:/DATN/00_MainFolder/00_FirmwaveSTM32/InvertedPendulum/Tool/ArmGnuToolchain/arm-none-eab
 1300              		.file 5 "D:/DATN/00_MainFolder/00_FirmwaveSTM32/InvertedPendulum/Tool/ArmGnuToolchain/arm-none-eab
 1301              		.file 6 "Drivers/CMSIS/Device/ST/STM32F4xx/Include/stm32f4xx.h"
ARM GAS  C:\Users\CuongLe\AppData\Local\Temp\cca9pI0g.s 			page 56


 1302              		.file 7 "Drivers/STM32F4xx_HAL_Driver/Inc/stm32f4xx_hal_def.h"
 1303              		.file 8 "Drivers/STM32F4xx_HAL_Driver/Inc/stm32f4xx_hal_rcc_ex.h"
 1304              		.file 9 "Drivers/STM32F4xx_HAL_Driver/Inc/stm32f4xx_hal_rcc.h"
 1305              		.file 10 "Drivers/STM32F4xx_HAL_Driver/Inc/stm32f4xx_hal_gpio.h"
 1306              		.file 11 "Drivers/STM32F4xx_HAL_Driver/Inc/stm32f4xx_hal_dma.h"
 1307              		.file 12 "Drivers/STM32F4xx_HAL_Driver/Inc/stm32f4xx_hal_adc.h"
 1308              		.file 13 "Drivers/STM32F4xx_HAL_Driver/Inc/stm32f4xx_hal_tim.h"
 1309              		.file 14 "Drivers/STM32F4xx_HAL_Driver/Inc/stm32f4xx_hal_uart.h"
 1310              		.file 15 "Middlewares/Third_Party/ARM/FreeRTOS/portable/GCC/ARM_CM4F/portmacro.h"
 1311              		.file 16 "Middlewares/Third_Party/ARM/FreeRTOS/include/FreeRTOS.h"
 1312              		.file 17 "Middlewares/Third_Party/ARM/FreeRTOS/include/task.h"
 1313              		.file 18 "Middlewares/ST/ARM/DSP/Inc/arm_math.h"
 1314              		.file 19 "Middlewares/Third_Party/ARM/FreeRTOS/include/queue.h"
 1315              		.file 20 "Core/Src/Application/Inc/Topic.h"
 1316              		.file 21 "Core/Src/Application/Inc/ActiveObject.h"
 1317              		.file 22 "Core/Src/Common/Inc/dsp.h"
 1318              		.file 23 "Core/Src/Application/Inc/Estimator.h"
 1319              		.file 24 "Core/Src/Application/Inc/Computer.h"
 1320              		.file 25 "Core/Src/Application/Inc/Motor.h"
 1321              		.file 26 "Drivers/STM32F4xx_HAL_Driver/Inc/stm32f4xx_hal_tim_ex.h"
 1322              		.file 27 "Drivers/STM32F4xx_HAL_Driver/Inc/stm32f4xx_hal_cortex.h"
 1323              		.file 28 "Drivers/STM32F4xx_HAL_Driver/Inc/stm32f4xx_hal.h"
 1324              		.file 29 "<built-in>"
ARM GAS  C:\Users\CuongLe\AppData\Local\Temp\cca9pI0g.s 			page 57


DEFINED SYMBOLS
                            *ABS*:00000000 main.c
C:\Users\CuongLe\AppData\Local\Temp\cca9pI0g.s:21     .text.MX_GPIO_Init:00000000 $t
C:\Users\CuongLe\AppData\Local\Temp\cca9pI0g.s:26     .text.MX_GPIO_Init:00000000 MX_GPIO_Init
C:\Users\CuongLe\AppData\Local\Temp\cca9pI0g.s:151    .text.MX_GPIO_Init:0000008c $d
C:\Users\CuongLe\AppData\Local\Temp\cca9pI0g.s:157    .text.MX_DMA_Init:00000000 $t
C:\Users\CuongLe\AppData\Local\Temp\cca9pI0g.s:162    .text.MX_DMA_Init:00000000 MX_DMA_Init
C:\Users\CuongLe\AppData\Local\Temp\cca9pI0g.s:211    .text.MX_DMA_Init:00000030 $d
C:\Users\CuongLe\AppData\Local\Temp\cca9pI0g.s:216    .text.Error_Handler:00000000 $t
C:\Users\CuongLe\AppData\Local\Temp\cca9pI0g.s:222    .text.Error_Handler:00000000 Error_Handler
C:\Users\CuongLe\AppData\Local\Temp\cca9pI0g.s:254    .text.MX_TIM2_Init:00000000 $t
C:\Users\CuongLe\AppData\Local\Temp\cca9pI0g.s:259    .text.MX_TIM2_Init:00000000 MX_TIM2_Init
C:\Users\CuongLe\AppData\Local\Temp\cca9pI0g.s:372    .text.MX_TIM2_Init:00000064 $d
C:\Users\CuongLe\AppData\Local\Temp\cca9pI0g.s:1280   .bss.htim2:00000000 htim2
C:\Users\CuongLe\AppData\Local\Temp\cca9pI0g.s:377    .text.MX_USART2_UART_Init:00000000 $t
C:\Users\CuongLe\AppData\Local\Temp\cca9pI0g.s:382    .text.MX_USART2_UART_Init:00000000 MX_USART2_UART_Init
C:\Users\CuongLe\AppData\Local\Temp\cca9pI0g.s:437    .text.MX_USART2_UART_Init:0000002c $d
C:\Users\CuongLe\AppData\Local\Temp\cca9pI0g.s:1252   .bss.huart2:00000000 huart2
C:\Users\CuongLe\AppData\Local\Temp\cca9pI0g.s:443    .text.MX_USART3_UART_Init:00000000 $t
C:\Users\CuongLe\AppData\Local\Temp\cca9pI0g.s:448    .text.MX_USART3_UART_Init:00000000 MX_USART3_UART_Init
C:\Users\CuongLe\AppData\Local\Temp\cca9pI0g.s:503    .text.MX_USART3_UART_Init:0000002c $d
C:\Users\CuongLe\AppData\Local\Temp\cca9pI0g.s:1245   .bss.huart3:00000000 huart3
C:\Users\CuongLe\AppData\Local\Temp\cca9pI0g.s:509    .text.MX_TIM6_Init:00000000 $t
C:\Users\CuongLe\AppData\Local\Temp\cca9pI0g.s:514    .text.MX_TIM6_Init:00000000 MX_TIM6_Init
C:\Users\CuongLe\AppData\Local\Temp\cca9pI0g.s:593    .text.MX_TIM6_Init:00000048 $d
C:\Users\CuongLe\AppData\Local\Temp\cca9pI0g.s:1266   .bss.htim6:00000000 htim6
C:\Users\CuongLe\AppData\Local\Temp\cca9pI0g.s:599    .text.MX_TIM7_Init:00000000 $t
C:\Users\CuongLe\AppData\Local\Temp\cca9pI0g.s:604    .text.MX_TIM7_Init:00000000 MX_TIM7_Init
C:\Users\CuongLe\AppData\Local\Temp\cca9pI0g.s:683    .text.MX_TIM7_Init:00000044 $d
C:\Users\CuongLe\AppData\Local\Temp\cca9pI0g.s:1259   .bss.htim7:00000000 htim7
C:\Users\CuongLe\AppData\Local\Temp\cca9pI0g.s:689    .text.MX_TIM3_Init:00000000 $t
C:\Users\CuongLe\AppData\Local\Temp\cca9pI0g.s:694    .text.MX_TIM3_Init:00000000 MX_TIM3_Init
C:\Users\CuongLe\AppData\Local\Temp\cca9pI0g.s:806    .text.MX_TIM3_Init:00000060 $d
C:\Users\CuongLe\AppData\Local\Temp\cca9pI0g.s:1273   .bss.htim3:00000000 htim3
C:\Users\CuongLe\AppData\Local\Temp\cca9pI0g.s:812    .text.MX_ADC1_Init:00000000 $t
C:\Users\CuongLe\AppData\Local\Temp\cca9pI0g.s:817    .text.MX_ADC1_Init:00000000 MX_ADC1_Init
C:\Users\CuongLe\AppData\Local\Temp\cca9pI0g.s:923    .text.MX_ADC1_Init:00000060 $d
C:\Users\CuongLe\AppData\Local\Temp\cca9pI0g.s:1294   .bss.hadc1:00000000 hadc1
C:\Users\CuongLe\AppData\Local\Temp\cca9pI0g.s:930    .text.SystemClock_Config:00000000 $t
C:\Users\CuongLe\AppData\Local\Temp\cca9pI0g.s:936    .text.SystemClock_Config:00000000 SystemClock_Config
C:\Users\CuongLe\AppData\Local\Temp\cca9pI0g.s:1088   .text.SystemClock_Config:0000009c $d
C:\Users\CuongLe\AppData\Local\Temp\cca9pI0g.s:1094   .text.main:00000000 $t
C:\Users\CuongLe\AppData\Local\Temp\cca9pI0g.s:1100   .text.main:00000000 main
C:\Users\CuongLe\AppData\Local\Temp\cca9pI0g.s:1213   .text.main:00000084 $d
C:\Users\CuongLe\AppData\Local\Temp\cca9pI0g.s:1238   .bss.computer:00000000 computer
C:\Users\CuongLe\AppData\Local\Temp\cca9pI0g.s:1232   .bss.estimator:00000000 estimator
C:\Users\CuongLe\AppData\Local\Temp\cca9pI0g.s:1226   .bss.motor:00000000 motor
C:\Users\CuongLe\AppData\Local\Temp\cca9pI0g.s:1223   .bss.motor:00000000 $d
C:\Users\CuongLe\AppData\Local\Temp\cca9pI0g.s:1229   .bss.estimator:00000000 $d
C:\Users\CuongLe\AppData\Local\Temp\cca9pI0g.s:1235   .bss.computer:00000000 $d
C:\Users\CuongLe\AppData\Local\Temp\cca9pI0g.s:1242   .bss.huart3:00000000 $d
C:\Users\CuongLe\AppData\Local\Temp\cca9pI0g.s:1249   .bss.huart2:00000000 $d
C:\Users\CuongLe\AppData\Local\Temp\cca9pI0g.s:1256   .bss.htim7:00000000 $d
C:\Users\CuongLe\AppData\Local\Temp\cca9pI0g.s:1263   .bss.htim6:00000000 $d
C:\Users\CuongLe\AppData\Local\Temp\cca9pI0g.s:1270   .bss.htim3:00000000 $d
C:\Users\CuongLe\AppData\Local\Temp\cca9pI0g.s:1277   .bss.htim2:00000000 $d
C:\Users\CuongLe\AppData\Local\Temp\cca9pI0g.s:1287   .bss.hdma_adc1:00000000 hdma_adc1
ARM GAS  C:\Users\CuongLe\AppData\Local\Temp\cca9pI0g.s 			page 58


C:\Users\CuongLe\AppData\Local\Temp\cca9pI0g.s:1284   .bss.hdma_adc1:00000000 $d
C:\Users\CuongLe\AppData\Local\Temp\cca9pI0g.s:1291   .bss.hadc1:00000000 $d

UNDEFINED SYMBOLS
HAL_GPIO_WritePin
HAL_GPIO_Init
HAL_NVIC_SetPriority
HAL_NVIC_EnableIRQ
memset
HAL_TIM_Encoder_Init
HAL_TIMEx_MasterConfigSynchronization
HAL_UART_Init
HAL_TIM_Base_Init
HAL_ADC_Init
HAL_ADC_ConfigChannel
HAL_RCC_OscConfig
HAL_RCC_ClockConfig
HAL_Init
vTaskStartScheduler
Computer
Estimator
Motor
